Record;[0]\[3];[3]\[0]
33556482;1stPersonCrossbow [STAT:02000802];DLC01\Weapons\Crossbow\Crossbow.nif
33556485;CasExFreeLg01 [STAT:02000805];DLC01\Dungeons\Castle\LgHalls\CasExFreeLg01.nif
33556486;CasExFreeSm01 [STAT:02000806];DLC01\Dungeons\Castle\LgHalls\CasExFreeSm01.nif
33556487;CasLgHall1way01 [STAT:02000807];DLC01\Dungeons\Castle\LgHalls\CasLgHall1way01.nif
33556488;CasLgHall2way01 [STAT:02000808];DLC01\Dungeons\Castle\LgHalls\CasLgHall2way01.nif
33556489;CasLgHall3way01 [STAT:02000809];DLC01\Dungeons\Castle\LgHalls\CasLgHall3way01.nif
33556490;CasLgHall4way01 [STAT:0200080A];DLC01\Dungeons\Castle\LgHalls\CasLgHall4way01.nif
33556491;CasLgHallStair01 [STAT:0200080B];DLC01\Dungeons\Castle\LgHalls\CasLgHallStair01.nif
33556492;CasSmHall1way01 [STAT:0200080C];DLC01\Dungeons\Castle\SmHalls\CasSmHall1way01.nif
33556493;CasSmHall2way01 [STAT:0200080D];DLC01\Dungeons\Castle\SmHalls\CasSmHall2way01.nif
33556494;CasSmHall3way01 [STAT:0200080E];DLC01\Dungeons\Castle\SmHalls\CasSmHall3way01.nif
33556495;CasSmHall4way01 [STAT:0200080F];DLC01\Dungeons\Castle\SmHalls\CasSmHall4way01.nif
33556496;CasSmHallStair01 [STAT:02000810];DLC01\Dungeons\Castle\SmHalls\CasSmHallStair01.nif
33556669;CasPlatMid01 [STAT:020008BD];DLC01\Dungeons\Castle\Platforms\CasPlatMid01.nif
33556670;CasSmRmWall01 [STAT:020008BE];DLC01\Dungeons\Castle\SmRooms\CasSmRmWall01.nif
33556671;CasLgRmWall01 [STAT:020008BF];DLC01\Dungeons\Castle\LgRooms\CasLgRmWall01.nif
33556672;CasLgHallFreeWall01 [STAT:020008C0];DLC01\Dungeons\Castle\LgHalls\CasLgHallFreeWall01.nif
33556673;CasSmHallFreeWall01 [STAT:020008C1];DLC01\Dungeons\Castle\SmHalls\CasSmHallFreeWall01.nif
33556674;CasLgHall1EndCap01 [STAT:020008C2];DLC01\Dungeons\Castle\LgHalls\CasLgHall1EndCap01.nif
33556675;CasSmHallEndCap01 [STAT:020008C3];DLC01\Dungeons\Castle\SmHalls\CasSmHallEndCap01.nif
33556676;CasLgRmCorIn01 [STAT:020008C4];DLC01\Dungeons\Castle\LgRooms\CasLgRmCorIn01.nif
33556677;CasLgRmCorOut01 [STAT:020008C5];DLC01\Dungeons\Castle\LgRooms\CasLgRmCorOut01.nif
33556678;CasLgRmFreePillar01 [STAT:020008C6];DLC01\Dungeons\Castle\LgRooms\CasLgRmFreePillar01.nif
33556679;CasLgRmFreeWall01 [STAT:020008C7];DLC01\Dungeons\Castle\LgRooms\CasLgRmFreeWall01.nif
33556680;CasLgRmMid01 [STAT:020008C8];DLC01\Dungeons\Castle\LgRooms\CasLgRmMid01.nif
33556681;CasPlatCorIn01 [STAT:020008C9];DLC01\Dungeons\Castle\Platforms\CasPlatCorIn01.nif
33556682;CasPlatCorOut01 [STAT:020008CA];DLC01\Dungeons\Castle\Platforms\CasPlatCorOut01.nif
33556683;CasPlatFront01 [STAT:020008CB];DLC01\Dungeons\Castle\Platforms\CasPlatFront01.nif
33556684;CasSmRmCorIn01 [STAT:020008CC];DLC01\Dungeons\Castle\SmRooms\CasSmRmCorIn01.nif
33556685;CasSmRmCorOut01 [STAT:020008CD];DLC01\Dungeons\Castle\SmRooms\CasSmRmCorOut01.nif
33556686;CasSmRmMid01 [STAT:020008CE];DLC01\Dungeons\Castle\SmRooms\CasSmRmMid01.nif
33556694;CasLgRmToLgHallCorInL01 [STAT:020008D6];DLC01\Dungeons\Castle\LgRooms\CasLgRmToLgHallCorInL01.nif
33556695;CasLgRmToLgHallCorInR01 [STAT:020008D7];DLC01\Dungeons\Castle\LgRooms\CasLgRmToLgHallCorInR01.nif
33556696;CasLgRmToLgHallWall01 [STAT:020008D8];DLC01\Dungeons\Castle\LgRooms\CasLgRmToLgHallWall01.nif
33556697;CasLgRmToLgHallWallDbl01 [STAT:020008D9];DLC01\Dungeons\Castle\LgRooms\CasLgRmToLgHallWallDbl01.nif
33556698;CasSmRmToSmHallCorInL01 [STAT:020008DA];DLC01\Dungeons\Castle\SmRooms\CasSmRmToSmHallCorInL01.nif
33556699;CasSmRmToSmHallCorInR01 [STAT:020008DB];DLC01\Dungeons\Castle\SmRooms\CasSmRmToSmHallCorInR01.nif
33556700;CasSmRmToSmHallWall01 [STAT:020008DC];DLC01\Dungeons\Castle\SmRooms\CasSmRmToSmHallWall01.nif
33556701;CasSmRmToSmHallWallDbl01 [STAT:020008DD];DLC01\Dungeons\Castle\SmRooms\CasSmRmToSmHallWallDbl01.nif
33556879;CasExtMainTower01 [STAT:0200098F];DLC01\Dungeons\Castle\Exterior\CasExtMainTower01.nif
33561617;GlacierEndLg01INTERIOR [STAT:02001C11];Landscape\Ice\GlacierEndLg01.nif
33561618;GlacierStraightLg01INTERIOR [STAT:02001C12];Landscape\Ice\GlacierStraightLg01.nif
33561619;GlacierSlab01INTERIOR [STAT:02001C13];Landscape\Ice\GlacierSlab01.nif
33561627;FrozenMarshIceFloeL01INTERIOR [STAT:02001C1B];Landscape\Ice\FrozenMarshIceFloeL01.nif
33561633;IcePileL01Snow01INTERIOR [STAT:02001C21];Landscape\Ice\IcePileL01.nif
33561639;IcebergLedge01_HeavySNINTERIOR [STAT:02001C27];Landscape\Ice\IcebergLedge01.nif
33561662;IcebergLarge_LightSNINTERIOR [STAT:02001C3E];Landscape\Ice\IcebergLarge.nif
33561763;IcebergSmall01_HeavySNINTERIOR [STAT:02001CA3];Landscape\Ice\IcebergSmall01.nif
33561766;CaveIFBalconyShaftBridge01ICE [STAT:02001CA6];Dungeons\Caves\Ice\FrozenBalcony\CaveIFBalconyShaftBridge01.nif
33561988;CaveIShaftWall01NOICE [STAT:02001D84];Dungeons\Caves\Ice\Shaft\CaveIShaftWall01.nif
33561989;CaveIShaftWall04NOICE [STAT:02001D85];Dungeons\Caves\Ice\Shaft\CaveIShaftWall04.nif
33561990;CaveIShaftWall03NOICE [STAT:02001D86];Dungeons\Caves\Ice\Shaft\CaveIShaftWall03.nif
33561991;CaveIShaftWall02NOICE [STAT:02001D87];Dungeons\Caves\Ice\Shaft\CaveIShaftWall02.nif
33563623;1stPersonFalmerStaff [STAT:020023E7];DLC01\Weapons\FalmerStaff\Staff1stPerson.nif
33564684;sc_gravestone02 [STAT:0200280C];DLC01\SoulCairn\L1_sc_gravestone02.nif
33564685;sc_gravestone03 [STAT:0200280D];DLC01\SoulCairn\L1_sc_gravestone03.nif
33564686;sc_gravestone04 [STAT:0200280E];DLC01\SoulCairn\L1_sc_gravestone04.nif
33564687;sc_spire01 [STAT:0200280F];DLC01\SoulCairn\sc_spire01.nif
33564691;sc_crater01 [STAT:02002813];DLC01\SoulCairn\sc_crater01.nif
33564692;sc_gravestone01 [STAT:02002814];DLC01\SoulCairn\L1_sc_gravestone01.nif
33564757;1stPersonAurielsBow [STAT:02002855];DLC01\Weapons\Auriel\aurielsbow.nif
33564836;CasExFreeSm02 [STAT:020028A4];DLC01\Dungeons\Castle\LgHalls\CasExFreeSm02.nif
33564837;CasPlatFree01 [STAT:020028A5];DLC01\Dungeons\Castle\Platforms\CasPlatFree01.nif
33564838;CasPlatFree02 [STAT:020028A6];DLC01\Dungeons\Castle\Platforms\CasPlatFree02.nif
33564839;CasPlatFrontToSmHall01 [STAT:020028A7];DLC01\Dungeons\Castle\Platforms\CasPlatFrontToSmHall01.nif
33564840;CasPlatStair01 [STAT:020028A8];DLC01\Dungeons\Castle\Platforms\CasPlatStair01.nif
33565016;IcebergLarge_LightSNINTERIORDUPLICATE000 [STAT:02002958];Landscape\Ice\IcebergLarge.nif
33565120;CaveIFBalconyShaftBridge01ICEDUPLICATE000 [STAT:020029C0];Dungeons\Caves\Ice\FrozenBalcony\CaveIFBalconyShaftBridge01.nif
33565343;CaveIShaftWall01NOICEDUPLICATE000 [STAT:02002A9F];Dungeons\Caves\Ice\Shaft\CaveIShaftWall01.nif
33565344;CaveIShaftWall04NOICEDUPLICATE000 [STAT:02002AA0];Dungeons\Caves\Ice\Shaft\CaveIShaftWall04.nif
33565345;CaveIShaftWall03NOICEDUPLICATE000 [STAT:02002AA1];Dungeons\Caves\Ice\Shaft\CaveIShaftWall03.nif
33565346;CaveIShaftWall02NOICEDUPLICATE000 [STAT:02002AA2];Dungeons\Caves\Ice\Shaft\CaveIShaftWall02.nif
33565645;CaveGLHallDoor01_DarkFalmer [STAT:02002BCD];DLC01\Dungeons\DarkFalmerCaveG\CaveGLHallDoor01_DarkFalmer.nif
33565646;CaveGLHallDoor02_DarkFalmer [STAT:02002BCE];DLC01\Dungeons\DarkFalmerCaveG\CaveGLHallDoor02_DarkFalmer.nif
33565647;CaveGLRoomCorner03_DarkFalmer [STAT:02002BCF];DLC01\Dungeons\DarkFalmerCaveG\CaveGLRoomCorner03_DarkFalmer.nif
33565648;CaveGLRoomCorner04_DarkFalmer [STAT:02002BD0];DLC01\Dungeons\DarkFalmerCaveG\CaveGLRoomCorner04_DarkFalmer.nif
33565649;CaveGLHallRamp02_DarkFalmer [STAT:02002BD1];DLC01\Dungeons\DarkFalmerCaveG\CaveGLHallRamp02_DarkFalmer.nif
33565650;CaveGLPillar01_DarkFalmer [STAT:02002BD2];DLC01\Dungeons\DarkFalmerCaveG\CaveGLPillar01_DarkFalmer.nif
33565651;CaveGLPillar02_DarkFalmer [STAT:02002BD3];DLC01\Dungeons\DarkFalmerCaveG\CaveGLPillar02_DarkFalmer.nif
33565652;CaveGCliffs03NS_DarkFalmer [STAT:02002BD4];DLC01\Dungeons\DarkFalmerCaveG\CaveGCliffs03NS_DarkFalmer.nif
33565653;CaveGHall1Way01_DarkFalmer [STAT:02002BD5];DLC01\Dungeons\DarkFalmerCaveG\CaveGHall1Way01_DarkFalmer.nif
33565654;CaveGHall2Way02_DarkFalmer [STAT:02002BD6];DLC01\Dungeons\DarkFalmerCaveG\CaveGHall2Way02_DarkFalmer.nif
33565655;CaveGLHall1Way02_DarkFalmer [STAT:02002BD7];DLC01\Dungeons\DarkFalmerCaveG\CaveGLHall1Way02_DarkFalmer.nif
33565656;CaveGLHallDeadEnd02_DarkFalmer [STAT:02002BD8];DLC01\Dungeons\DarkFalmerCaveG\CaveGLHallDeadEnd02_DarkFalmer.nif
33565657;CaveGCeiling01_DarkFalmer [STAT:02002BD9];DLC01\Dungeons\DarkFalmerCaveG\CaveGCeiling01_DarkFalmer.nif
33565658;CaveGCliffs01_DarkFalmer [STAT:02002BDA];DLC01\Dungeons\DarkFalmerCaveG\CaveGCliffs01_DarkFalmer.nif
33565659;CaveGCliffs02_DarkFalmer [STAT:02002BDB];DLC01\Dungeons\DarkFalmerCaveG\CaveGCliffs02_DarkFalmer.nif
33565661;CaveGRoomInCorner04_DarkFalmer [STAT:02002BDD];DLC01\Dungeons\DarkFalmerCaveG\CaveGRoomInCorner04_DarkFalmer.nif
33565662;CaveGRoomMid01_DarkFalmer [STAT:02002BDE];DLC01\Dungeons\DarkFalmerCaveG\CaveGRoomMid01_DarkFalmer.nif
33565663;CaveGRoomCorner03_DarkFalmer [STAT:02002BDF];DLC01\Dungeons\DarkFalmerCaveG\CaveGRoomCorner03_DarkFalmer.nif
33565664;CaveGRoomCorner04_DarkFalmer [STAT:02002BE0];DLC01\Dungeons\DarkFalmerCaveG\CaveGRoomCorner04_DarkFalmer.nif
33565665;CaveGRoomDoor01_DarkFalmer [STAT:02002BE1];DLC01\Dungeons\DarkFalmerCaveG\CaveGRoomDoor01_DarkFalmer.nif
33565666;CaveGRoomDoor03_DarkFalmer [STAT:02002BE2];DLC01\Dungeons\DarkFalmerCaveG\CaveGRoomDoor03_DarkFalmer.nif
33565667;CaveGRoomDoor04_DarkFalmer [STAT:02002BE3];DLC01\Dungeons\DarkFalmerCaveG\CaveGRoomDoor04_DarkFalmer.nif
33565668;CaveGRoomInCorner02_DarkFalmer [STAT:02002BE4];DLC01\Dungeons\DarkFalmerCaveG\CaveGRoomInCorner02_DarkFalmer.nif
33565669;CaveGLWallDoorLB01_DarkFalmer [STAT:02002BE5];DLC01\Dungeons\DarkFalmerCaveG\CaveGLWallDoorLB01_DarkFalmer.nif
33565670;CaveGLWallStraight01_DarkFalmer [STAT:02002BE6];DLC01\Dungeons\DarkFalmerCaveG\CaveGLWallStraight01_DarkFalmer.nif
33565671;CaveGLWallStraight02_DarkFalmer [STAT:02002BE7];DLC01\Dungeons\DarkFalmerCaveG\CaveGLWallStraight02_DarkFalmer.nif
33565672;CaveGPillar02_DarkFalmer [STAT:02002BE8];DLC01\Dungeons\DarkFalmerCaveG\CaveGPillar02_DarkFalmer.nif
33565673;CaveGRoomCorner01_DarkFalmer [STAT:02002BE9];DLC01\Dungeons\DarkFalmerCaveG\CaveGRoomCorner01_DarkFalmer.nif
33565674;CaveGRoomCorner02_DarkFalmer [STAT:02002BEA];DLC01\Dungeons\DarkFalmerCaveG\CaveGRoomCorner02_DarkFalmer.nif
33565675;CaveGLRoomWall02_DarkFalmer [STAT:02002BEB];DLC01\Dungeons\DarkFalmerCaveG\CaveGLRoomWall02_DarkFalmer.nif
33565676;CaveGLRoomWall03_DarkFalmer [STAT:02002BEC];DLC01\Dungeons\DarkFalmerCaveG\CaveGLRoomWall03_DarkFalmer.nif
33565677;CaveGLRoomWall03c_DarkFalmer [STAT:02002BED];DLC01\Dungeons\DarkFalmerCaveG\CaveGLRoomWall03c_DarkFalmer.nif
33565678;CaveGLRoomWall04_DarkFalmer [STAT:02002BEE];DLC01\Dungeons\DarkFalmerCaveG\CaveGLRoomWall04_DarkFalmer.nif
33565679;CaveGLWallDoorL01_DarkFalmer [STAT:02002BEF];DLC01\Dungeons\DarkFalmerCaveG\CaveGLWallDoorL01_DarkFalmer.nif
33565680;CaveGLRoomDoorL01_DarkFalmer [STAT:02002BF0];DLC01\Dungeons\DarkFalmerCaveG\CaveGLRoomDoorL01_DarkFalmer.nif
33565681;CaveGLRoomDoorL03_DarkFalmer [STAT:02002BF1];DLC01\Dungeons\DarkFalmerCaveG\CaveGLRoomDoorL03_DarkFalmer.nif
33565682;CaveGLRoomInCorner01_DarkFalmer [STAT:02002BF2];DLC01\Dungeons\DarkFalmerCaveG\CaveGLRoomInCorner01_DarkFalmer.nif
33565683;CaveGLRoomMid01_DarkFalmer [STAT:02002BF3];DLC01\Dungeons\DarkFalmerCaveG\CaveGLRoomMid01_DarkFalmer.nif
33565684;CaveGLRoomWall01_DarkFalmer [STAT:02002BF4];DLC01\Dungeons\DarkFalmerCaveG\CaveGLRoomWall01_DarkFalmer.nif
33565685;CaveGLPillar03_DarkFalmer [STAT:02002BF5];DLC01\Dungeons\DarkFalmerCaveG\CaveGLPillar03_DarkFalmer.nif
33565686;CaveGLPillar04_DarkFalmer [STAT:02002BF6];DLC01\Dungeons\DarkFalmerCaveG\CaveGLPillar04_DarkFalmer.nif
33565687;CaveGLPillar05_DarkFalmer [STAT:02002BF7];DLC01\Dungeons\DarkFalmerCaveG\CaveGLPillar05_DarkFalmer.nif
33565688;CaveGLRoomCorner02_DarkFalmer [STAT:02002BF8];DLC01\Dungeons\DarkFalmerCaveG\CaveGLRoomCorner02_DarkFalmer.nif
33565690;FXTestRefractIce [STAT:02002BFA];DLC01\Effects\FXTestRefractIce.nif
33565694;TempProtoBlock256x256x8 [STAT:02002BFE];DLC01\Prototype\TempProtoBlock256x256x8.nif
33565695;TempProtoBlock256x256x32 [STAT:02002BFF];DLC01\Prototype\TempProtoBlock256x256x32.nif
33566026;DLC01FrozenLake01 [STAT:02002D4A];DLC01\Landscape\DLC01FrozenLake01.nif
33567534;TempProtoBlock256x256x256 [STAT:0200332E];DLC01\Prototype\TempProtoBlock256x256x256.nif
33567720;DLC1LinkTargetMarkerSandbox512 [STAT:020033E8];DLC01\Markers\LinkTargets\SandboxMarker512.nif
33567721;DLC1LinkTargetMarkerEat512 [STAT:020033E9];DLC01\Markers\LinkTargets\EatMarker512.nif
33567722;DLC1LinkTargetMarkerSleep512 [STAT:020033EA];DLC01\Markers\LinkTargets\SleepMarker512.nif
33567723;DLC1LinkTargetMarkerServices512 [STAT:020033EB];DLC01\Markers\LinkTargets\ServiceMarker512.nif
33567724;DLC1LinkTargetMarkerKeepEyeOn512 [STAT:020033EC];DLC01\Markers\LinkTargets\KeepEyeMarker512.nif
33567725;DLC1LinkTargetMarkerGuard512 [STAT:020033ED];DLC01\Markers\LinkTargets\GuardMarker512.nif
33567756;DLC1LinkTargetMarkerEat128 [STAT:0200340C];DLC01\Markers\LinkTargets\EatMarker128.nif
33567757;DLC1LinkTargetMarkerEat256 [STAT:0200340D];DLC01\Markers\LinkTargets\EatMarker256.nif
33567758;DLC1LinkTargetMarkerEat768 [STAT:0200340E];DLC01\Markers\LinkTargets\EatMarker768.nif
33567759;DLC1LinkTargetMarkerEat1024 [STAT:0200340F];DLC01\Markers\LinkTargets\EatMarker1024.nif
33567760;DLC1LinkTargetMarkerGuard128 [STAT:02003410];DLC01\Markers\LinkTargets\GuardMarker128.nif
33567761;DLC1LinkTargetMarkerGuard256 [STAT:02003411];DLC01\Markers\LinkTargets\GuardMarker256.nif
33567762;DLC1LinkTargetMarkerGuard768 [STAT:02003412];DLC01\Markers\LinkTargets\GuardMarker768.nif
33567763;DLC1LinkTargetMarkerGuard1024 [STAT:02003413];DLC01\Markers\LinkTargets\GuardMarker1024.nif
33567764;DLC1LinkTargetMarkerKeepEyeOn128 [STAT:02003414];DLC01\Markers\LinkTargets\KeepEyeMarker128.nif
33567765;DLC1LinkTargetMarkerKeepEyeOn256 [STAT:02003415];DLC01\Markers\LinkTargets\KeepEyeMarker256.nif
33567766;DLC1LinkTargetMarkerKeepEyeOn768 [STAT:02003416];DLC01\Markers\LinkTargets\KeepEyeMarker768.nif
33567767;DLC1LinkTargetMarkerKeepEyeOn1024 [STAT:02003417];DLC01\Markers\LinkTargets\KeepEyeMarker1024.nif
33567768;DLC1LinkTargetMarkerSandbox128 [STAT:02003418];DLC01\Markers\LinkTargets\SandboxMarker128.nif
33567769;DLC1LinkTargetMarkerSandbox256 [STAT:02003419];DLC01\Markers\LinkTargets\SandboxMarker256.nif
33567770;DLC1LinkTargetMarkerSandbox768 [STAT:0200341A];DLC01\Markers\LinkTargets\SandboxMarker768.nif
33567771;DLC1LinkTargetMarkerSandbox1024 [STAT:0200341B];DLC01\Markers\LinkTargets\SandboxMarker1024.nif
33567772;DLC1LinkTargetMarkerServices128 [STAT:0200341C];DLC01\Markers\LinkTargets\ServiceMarker128.nif
33567773;DLC1LinkTargetMarkerServices256 [STAT:0200341D];DLC01\Markers\LinkTargets\ServiceMarker256.nif
33567774;DLC1LinkTargetMarkerServices768 [STAT:0200341E];DLC01\Markers\LinkTargets\ServiceMarker768.nif
33567775;DLC1LinkTargetMarkerServices1024 [STAT:0200341F];DLC01\Markers\LinkTargets\ServiceMarker1024.nif
33567776;DLC1LinkTargetMarkerSleep128 [STAT:02003420];DLC01\Markers\LinkTargets\SleepMarker128.nif
33567777;DLC1LinkTargetMarkerSleep256 [STAT:02003421];DLC01\Markers\LinkTargets\SleepMarker256.nif
33567778;DLC1LinkTargetMarkerSleep768 [STAT:02003422];DLC01\Markers\LinkTargets\SleepMarker768.nif
33567779;DLC1LinkTargetMarkerSleep1024 [STAT:02003423];DLC01\Markers\LinkTargets\SleepMarker1024.nif
33568734;FalmerChiefTentCharus [STAT:020037DE];DLC01\Architecture\FalmerHuts\FalmerChiefTentCharus.nif
33568735;FalmerChiefTentScorp [STAT:020037DF];DLC01\Architecture\FalmerHuts\FalmerChiefTentScorp.nif
33568762;TrapSpotLightMount [STAT:020037FA];DLC01\Traps\LightTrap\LightTrapFrame01.nif
33568822;SERuinsHallBg4Way01 [STAT:02003836];DLC01\Architecture\SnowElfRuins\Interior\SERuinsHallBg4Way01.nif
33568823;SERuinsHallBg1Way01 [STAT:02003837];DLC01\Architecture\SnowElfRuins\Interior\SERuinsHallBg1Way01.nif
33568824;SERuinsHallBg2Way01 [STAT:02003838];DLC01\Architecture\SnowElfRuins\Interior\SERuinsHallBg2Way01.nif
33568825;SERuinsHallBg3Way01 [STAT:02003839];DLC01\Architecture\SnowElfRuins\Interior\SERuinsHallBg3Way01.nif
33570573;DweRmSmCounter01Half [STAT:02003F0D];DLC01\Dungeons\DwemerRuinsDLC1\DweRmSmCounterHalf01DLC1.nif
33571516;LargeRainBarrel_Blood01 [STAT:020042BC];DLC01\Clutter\LargeRainBarrel_Blood01.nif
33572828;FalmerHut02 [STAT:020047DC];DLC01\Architecture\FalmerHuts\FalmerHut02.nif
33572834;testPuddle01 [STAT:020047E2];Effects\testPuddle01.nif
33573206;DLC1AncestorsGroveTop01c [STAT:02004956];Dungeons\Caves\Green\Shafts\CaveGShaftTop01c.nif
33566580;CaveGEBalconyStraight01ice [STAT:02002F74];Dungeons\Caves\Green\EpicBalcony\CaveGEBalconyStraight01.nif
33566581;CaveGEBalconyCorner01ice [STAT:02002F75];Dungeons\Caves\Green\EpicBalcony\CaveGEBalconyCorner01.nif
33566582;CaveGEBalconyStraight02ice [STAT:02002F76];Dungeons\Caves\Green\EpicBalcony\CaveGEBalconyStraight02.nif
33566583;CaveGEBalconyMid01ice [STAT:02002F77];Dungeons\Caves\Green\EpicBalcony\CaveGEBalconyMid01.nif
33566584;CaveGEBalconyStraight04ice [STAT:02002F78];Dungeons\Caves\Green\EpicBalcony\CaveGEBalconyStraight04.nif
33566585;CaveGEBalconyCorner04ice [STAT:02002F79];Dungeons\Caves\Green\EpicBalcony\CaveGEBalconyCorner04.nif
33566586;NorTempleEntranceHall01ice [STAT:02002F7A];Dungeons\Nordic\Exterior\NorTempleEntranceHall01.nif
33566587;NorTmpExtPlanter01ice [STAT:02002F7B];Dungeons\Nordic\Exterior\NorTmpExtPlanter01.nif
33566588;NorExtWallBgStairsSingle01ice [STAT:02002F7C];Dungeons\Nordic\Exterior\Walls\NorExtWallBgStairsSingle01.nif
33566589;NorTowerRuins01ice [STAT:02002F7D];Dungeons\Nordic\Exterior\Towers\NorTowerRuins01.nif
33569491;sc_spire04 [STAT:02003AD3];DLC01\SoulCairn\sc_spire04.nif
33569492;sc_spire03 [STAT:02003AD4];DLC01\SoulCairn\sc_spire03.nif
33569493;sc_spire02 [STAT:02003AD5];DLC01\SoulCairn\sc_spire02.nif
33573516;TundraStreamBend01VolcanicTundra01 [STAT:02004A8C];Landscape\Tundra\TundraStreamBend01.nif
33573518;TundraStreamStraight01VolcanicTundra01 [STAT:02004A8E];Landscape\Tundra\TundraStreamStraight01.nif
33573626;DLC1AncestorsGladeWallDoorL01 [STAT:02004AFA];Dungeons\Caves\Green\LargeWall\CaveGLEWallDoorL01.nif
33573627;DLC1AncestorsGladeHall1Way02 [STAT:02004AFB];Dungeons\Caves\Green\LargeHall\CaveGLHall1Way02.nif
33573628;DLC1AncestorsGladeHall2Way02c [STAT:02004AFC];Dungeons\Caves\Green\LargeHall\CaveGLHall2Way02c.nif
33573629;DLC1AncestorsGladeHallEntrance02 [STAT:02004AFD];Dungeons\Caves\Green\LargeHall\CaveGLHallEntrance02.nif
33573630;DLC1AncestorsGladeCeiling01 [STAT:02004AFE];Dungeons\Caves\Green\LargeWall\CaveGCeiling01.nif
33573804;SERuinsHallBGDoorFrame01 [STAT:02004BAC];DLC01\Architecture\SnowElfRuins\Interior\SERuinsHallBGDoorFrame01.nif
33573810;SERuinsRmWallEx01 [STAT:02004BB2];DLC01\Architecture\SnowElfRuins\Interior\SERuinsRmWallEx01.nif
33573811;SERuinsRmCorIn01 [STAT:02004BB3];DLC01\Architecture\SnowElfRuins\Interior\SERuinsRmCorIn01.nif
33573812;SERuinsRmWall01 [STAT:02004BB4];DLC01\Architecture\SnowElfRuins\Interior\SERuinsRmWall01.nif
33573813;SERuinsRmMid01 [STAT:02004BB5];DLC01\Architecture\SnowElfRuins\Interior\SERuinsRmMid01.nif
33573833;SERuinsRmMid02 [STAT:02004BC9];DLC01\Architecture\SnowElfRuins\Interior\SERuinsRmMid02.nif
33573858;DLC1LakeSnow01 [STAT:02004BE2];DLC01\Landscape\LakeSnow01.nif
33573950;SERuinsRmCorOut01 [STAT:02004C3E];DLC01\Architecture\SnowElfRuins\Interior\SERuinsRmCorOut01.nif
33574076;ProtoFPGBridgeHalfShFlat01 [STAT:02004CBC];DLC01\Prototype\ProtoFPGBridgeHalfShFlat01.nif
33574077;ProtoFPGColumn01 [STAT:02004CBD];DLC01\Prototype\ProtoFPGColumn01.nif
33574078;ProtoFPGColumnRamp01 [STAT:02004CBE];DLC01\Prototype\ProtoFPGColumnRamp01.nif
33574079;ProtoFPGColumnRampRoom01 [STAT:02004CBF];DLC01\Prototype\ProtoFPGColumnRampRoom01.nif
33574080;ProtoFPGBridgeHalfLng01 [STAT:02004CC0];DLC01\Prototype\ProtoFPGBridgeHalfLng01.nif
33574081;ProtoFPGBridgeHalfLngFlat01 [STAT:02004CC1];DLC01\Prototype\ProtoFPGBridgeHalfLngFlat01.nif
33574082;ProtoFPGBridgeHalfSh01 [STAT:02004CC2];DLC01\Prototype\ProtoFPGBridgeHalfSh01.nif
33574094;ProtoFPGLedgeSh01 [STAT:02004CCE];DLC01\Prototype\ProtoFPGLedgeSh01.nif
33574290;DLC01CoffinPuzzleBase01 [STAT:02004D92];DLC01\Clutter\CoffinPuzzleBase\DLC01CoffinPuzzleBase01.nif
33574301;SERuinsRmPillarFree01 [STAT:02004D9D];DLC01\Architecture\SnowElfRuins\Interior\SERuinsRmPillarFree01.nif
33574306;SERuinsRmPillarFreeBroken01 [STAT:02004DA2];DLC01\Architecture\SnowElfRuins\Interior\SERuinsRmPillarFreeBroken01.nif
33574308;SERuinsRmPillarFreeBroken02 [STAT:02004DA4];DLC01\Architecture\SnowElfRuins\Interior\SERuinsRmPillarFreeBroken02.nif
33575017;DLC1LakeSnowSmall01 [STAT:02005069];DLC01\Landscape\LakeSnowSmall01.nif
33575028;DLC1LakeSnowSmall02 [STAT:02005074];DLC01\Landscape\LakeSnowSmall02.nif
33576665;SERuinsHallBg1Way01Win01 [STAT:020056D9];DLC01\Architecture\SnowElfRuins\Interior\SERuinsHallBg1Way01Win01.nif
33576673;SERuinsHallBg1Way01Win02 [STAT:020056E1];DLC01\Architecture\SnowElfRuins\Interior\SERuinsHallBg1Way01Win02.nif
33576682;SERuinsRmCeiling01 [STAT:020056EA];DLC01\Architecture\SnowElfRuins\Interior\SERuinsRmCeiling01.nif
33576683;SERuinsRmFloor01 [STAT:020056EB];DLC01\Architecture\SnowElfRuins\Interior\SERuinsRmFloor01.nif
33576684;SERuinsHallBg2Way01WinL01 [STAT:020056EC];DLC01\Architecture\SnowElfRuins\Interior\SERuinsHallBg2Way01WinL01.nif
33576685;SERuinsHallBg2Way01WinLR01 [STAT:020056ED];DLC01\Architecture\SnowElfRuins\Interior\SERuinsHallBg2Way01WinLR01.nif
33576686;SERuinsHallBg2Way01WinR01 [STAT:020056EE];DLC01\Architecture\SnowElfRuins\Interior\SERuinsHallBg2Way01WinR01.nif
33576687;SERuinsRmWall01Win01 [STAT:020056EF];DLC01\Architecture\SnowElfRuins\Interior\SERuinsRmWall01Win01.nif
33576688;SERuinsRmCorIn01WinR01 [STAT:020056F0];DLC01\Architecture\SnowElfRuins\Interior\SERuinsRmCorIn01WinR01.nif
33576689;SERuinsRmCorIn01WinL01 [STAT:020056F1];DLC01\Architecture\SnowElfRuins\Interior\SERuinsRmCorIn01WinL01.nif
33576690;SERuinsRmCorIn01WinLR01 [STAT:020056F2];DLC01\Architecture\SnowElfRuins\Interior\SERuinsRmCorIn01WinLR01.nif
33576691;SERuinsHallBg3Way01Win01 [STAT:020056F3];DLC01\Architecture\SnowElfRuins\Interior\SERuinsHallBg3Way01Win01.nif
33577015;DLC01Fissure01SoulCairnDirt01 [STAT:02005837];Landscape\Volcanic\VolcanicFissure01.nif
33577102;DLC01Plateau01SoulCairnDirt01 [STAT:0200588E];Landscape\Volcanic\VolcanicPlateau01.nif
33577103;DLC01Plateau02SoulCairnDirt01 [STAT:0200588F];Landscape\Volcanic\VolcanicPlateau02.nif
33577104;DLC01Plateau03SoulCairnDirt01 [STAT:02005890];Landscape\Volcanic\VolcanicPlateauC.nif
33577106;DLC01RockPileL02SoulCairnDirt01 [STAT:02005892];Landscape\Rocks\RockPileL02.nif
33577108;DLC01RockPileL02SoulCairnDirt02 [STAT:02005894];Landscape\Rocks\RockPileL02.nif
33577110;DLC01RockPileL02SoulCairnDirt03 [STAT:02005896];Landscape\Rocks\RockPileL02.nif
33577113;DLC01RockPileL04SoulCairnDirt01 [STAT:02005899];Landscape\Rocks\RockPileL04.nif
33577115;DLC01RockPileL04SoulCairnDirt02 [STAT:0200589B];Landscape\Rocks\RockPileL04.nif
33577116;DLC01RockPileL04SoulCairnDirt03 [STAT:0200589C];Landscape\Rocks\RockPileL04.nif
33577117;DLC01Plateau01SoulCairnDirt02 [STAT:0200589D];Landscape\Volcanic\VolcanicPlateau01.nif
33577119;DLC01Plateau02SoulCairnDirt02 [STAT:0200589F];Landscape\Volcanic\VolcanicPlateau02.nif
33577121;DLC01Plateau03SoulCairnDirt02 [STAT:020058A1];Landscape\Volcanic\VolcanicPlateauC.nif
33577129;DLC01Fissure01SoulCairnDirt02 [STAT:020058A9];Landscape\Volcanic\VolcanicFissure01.nif
33577130;DLC01Fissure01SoulCairnDirt03 [STAT:020058AA];Landscape\Volcanic\VolcanicFissure01.nif
33577298;DLC01FrozenLakeCracks2 [STAT:02005952];DLC01\Landscape\DLC01FrozenLakeCracks2.nif
33577299;DLC01FrozenLakeCracks1 [STAT:02005953];DLC01\Landscape\DLC01FrozenLakeCracks1.nif
33577300;DLC01FrozenLakeCracks3 [STAT:02005954];DLC01\Landscape\DLC01FrozenLakeCracks3.nif
33577394;DLC01AshDriftL01 [STAT:020059B2];Landscape\SnowDrifts\SnowDriftL01.nif
33577395;DLC01AshDriftL02 [STAT:020059B3];Landscape\SnowDrifts\SnowDriftL02.nif
33577396;DLC01AshDriftL03 [STAT:020059B4];Landscape\SnowDrifts\SnowDriftL03.nif
33577397;DLC01AshDriftL04 [STAT:020059B5];Landscape\SnowDrifts\SnowDriftL04.nif
33577401;DLC01AshDriftSm01 [STAT:020059B9];Landscape\SnowDrifts\SnowDriftSm01.nif
33577417;sc_gravestone05 [STAT:020059C9];DLC01\SoulCairn\L1_sc_gravestone05.nif
33577418;sc_gravestone06 [STAT:020059CA];DLC01\SoulCairn\L1_sc_gravestone06.nif
33577419;sc_gravestone_short01 [STAT:020059CB];DLC01\SoulCairn\L1_sc_gravestone_short01.nif
33577420;sc_gravestone_short02 [STAT:020059CC];DLC01\SoulCairn\L1_sc_gravestone_short02.nif
33577421;sc_gravestone_short03 [STAT:020059CD];DLC01\SoulCairn\L1_sc_gravestone_short03.nif
33577422;sc_gravestone_short04 [STAT:020059CE];DLC01\SoulCairn\L1_sc_gravestone_short04.nif
33578596;SERuinsRmWallFree01 [STAT:02005E64];DLC01\Architecture\SnowElfRuins\Interior\SERuinsRmWallFree01.nif
33578613;SERuinsRmWallFree01Win01 [STAT:02005E75];DLC01\Architecture\SnowElfRuins\Interior\SERuinsRmWallFree01Win01.nif
33578614;SERuinsRmPartition01Endcap01 [STAT:02005E76];DLC01\Architecture\SnowElfRuins\Interior\SERuinsRmPartition01Endcap01.nif
33578615;SERuinsRmPartition01 [STAT:02005E77];DLC01\Architecture\SnowElfRuins\Interior\SERuinsRmPartition01.nif
33578622;SERuinsRmPartition02 [STAT:02005E7E];DLC01\Architecture\SnowElfRuins\Interior\SERuinsRmPartition02.nif
33578630;FalmerPGEBalconyBridge01 [STAT:02005E86];DLC01\Dungeons\FalmerPlayground\FalmerPGEBalconyBridge01.nif
33578633;FalmerPGEBalconyBridge01Wide [STAT:02005E89];DLC01\Dungeons\FalmerPlayground\FalmerPGEBalconyBridge01Wide.nif
33578634;FalmerPGEBalconyCurve01 [STAT:02005E8A];DLC01\Dungeons\FalmerPlayground\FalmerPGEBalconyCurve01.nif
33578635;FalmerPGEBalconyCurve02 [STAT:02005E8B];DLC01\Dungeons\FalmerPlayground\FalmerPGEBalconyCurve02.nif
33578636;FalmerPGEBalconyCurve03 [STAT:02005E8C];DLC01\Dungeons\FalmerPlayground\FalmerPGEBalconyCurve03.nif
33578637;FalmerPGEBalconyCurve04 [STAT:02005E8D];DLC01\Dungeons\FalmerPlayground\FalmerPGEBalconyCurve04.nif
33578638;FalmerPGEBalconyRamp01 [STAT:02005E8E];DLC01\Dungeons\FalmerPlayground\FalmerPGEBalconyRamp01.nif
33578639;FalmerPGEBalconyRamp02 [STAT:02005E8F];DLC01\Dungeons\FalmerPlayground\FalmerPGEBalconyRamp02.nif
33578640;FalmerPGEBalconyShaftBridge01 [STAT:02005E90];DLC01\Dungeons\FalmerPlayground\FalmerPGEBalconyShaftBridge01.nif
33578641;FalmerPGEBalconyShelf01 [STAT:02005E91];DLC01\Dungeons\FalmerPlayground\FalmerPGEBalconyShelf01.nif
33578642;FalmerPGEBalconyShelf02 [STAT:02005E92];DLC01\Dungeons\FalmerPlayground\FalmerPGEBalconyShelf02.nif
33578643;FalmerPGEPillar01 [STAT:02005E93];DLC01\Dungeons\FalmerPlayground\FalmerPGEPillar01.nif
33578644;FalmerPGEPillar06 [STAT:02005E94];DLC01\Dungeons\FalmerPlayground\FalmerPGEPillar06.nif
33578645;FalmerPGEPillar02 [STAT:02005E95];DLC01\Dungeons\FalmerPlayground\FalmerPGEPillar02.nif
33578646;FalmerPGEPillar03 [STAT:02005E96];DLC01\Dungeons\FalmerPlayground\FalmerPGEPillar03.nif
33578647;FalmerPGEPillar04 [STAT:02005E97];DLC01\Dungeons\FalmerPlayground\FalmerPGEPillar04.nif
33578648;FalmerPGEPillar05 [STAT:02005E98];DLC01\Dungeons\FalmerPlayground\FalmerPGEPillar05.nif
33579163;DLC1NorHallBg1wayToMine [STAT:0200609B];Dungeons\Nordic\BgHalls\NorHallBg1wayToCaveG01.nif
33580689;FalmerPGEBalconyCurve04SnowLight [STAT:02006691];DLC01\Dungeons\FalmerPlayground\FalmerPGEBalconyCurve04.nif
33580690;FalmerPGEBalconyCurve02SnowLight [STAT:02006692];DLC01\Dungeons\FalmerPlayground\FalmerPGEBalconyCurve02.nif
33581406;FalmerBridgeBase [STAT:0200695E];DLC01\Architecture\FalmerBridge\FalmerBridgeBase.nif
33581407;FalmerBridgeSegment [STAT:0200695F];DLC01\Architecture\FalmerBridge\FalmerBridgeSegment.nif
33581731;DLC01SoulCairnDragonBonesTorso01 [STAT:02006AA3];Clutter\DeadAnimals\DragonBonesTorso01.nif
33581732;DLC01SoulCairnDragonBonesNeck02 [STAT:02006AA4];Clutter\DeadAnimals\DragonBonesNeck02.nif
33581733;DLC01SoulCairnDragonBonesLegR01 [STAT:02006AA5];Clutter\DeadAnimals\DragonBonesLegR01.nif
33581734;DLC01SoulCairnDragonBonesSkull01 [STAT:02006AA6];Clutter\DeadAnimals\DragonBonesSkull01.nif
33581795;DLC01CoffinPuzzleFaceNoBlood01 [STAT:02006AE3];DLC01\Clutter\DLC01CoffinPuzzleFaceNoBlood01.nif
33581832;LargeRainBarrel_Blood02 [STAT:02006B08];DLC01\Clutter\LargeRainBarrel_Blood02.nif
33582864;FalmerPGEBalconyBridge01SnowLight [STAT:02006F10];DLC01\Dungeons\FalmerPlayground\FalmerPGEBalconyBridge01.nif
33582865;FalmerPGEBalconyCurve03SnowLight [STAT:02006F11];DLC01\Dungeons\FalmerPlayground\FalmerPGEBalconyCurve03.nif
33582866;FalmerPGEBalconyShaftBridge01SnowLight [STAT:02006F12];DLC01\Dungeons\FalmerPlayground\FalmerPGEBalconyShaftBridge01.nif
33582877;FalmerPGEBalconyShelf01SnowLight [STAT:02006F1D];DLC01\Dungeons\FalmerPlayground\FalmerPGEBalconyShelf01.nif
33583587;FalmerBridgeThin [STAT:020071E3];DLC01\Architecture\FalmerBridge\FalmerBridgeThin.nif
33585880;sc_mausoleumC [STAT:02007AD8];DLC01\SoulCairn\sc_mausoleumC.nif
33585881;sc_mausoleumWall01 [STAT:02007AD9];DLC01\SoulCairn\sc_mausoleumWall01.nif
33585882;sc_mausoleumEND [STAT:02007ADA];DLC01\SoulCairn\sc_mausoleumEND.nif
33586163;DExtEnt01 [STAT:02007BF3];DLC01\Architecture\Dawnguard\DExtEnt01.nif
33586164;DExtWall01 [STAT:02007BF4];DLC01\Architecture\Dawnguard\DExtWall01.nif
33586165;DExtCorner01 [STAT:02007BF5];DLC01\Architecture\Dawnguard\DExtCorner01.nif
33586166;DExtTower01 [STAT:02007BF6];DLC01\Architecture\Dawnguard\DExtTower01.nif
33586181;DExtTower02 [STAT:02007C05];DLC01\Architecture\Dawnguard\DExtTower02.nif
33586263;CasSmHall1wayHalf01 [STAT:02007C57];DLC01\Dungeons\Castle\SmHalls\CasSmHall1wayHalf01.nif
33586264;CasPlatMid512x384 [STAT:02007C58];DLC01\Dungeons\Castle\Platforms\CasPlatMid512x384.nif
33586265;CasPlatRail64 [STAT:02007C59];DLC01\Dungeons\Castle\Platforms\CasPlatRail64.nif
33586266;CasPlatRail128 [STAT:02007C5A];DLC01\Dungeons\Castle\Platforms\CasPlatRail128.nif
33586267;CasPlatRail256 [STAT:02007C5B];DLC01\Dungeons\Castle\Platforms\CasPlatRail256.nif
33586268;CasPlatRail512 [STAT:02007C5C];DLC01\Dungeons\Castle\Platforms\CasPlatRail512.nif
33586269;CasExFreeLgWide01 [STAT:02007C5D];DLC01\Dungeons\Castle\LgHalls\CasExFreeLgWide01.nif
33586349;CasPlatRailPost01 [STAT:02007CAD];DLC01\Dungeons\Castle\Platforms\CasPlatRailPost01.nif
33586375;DLC1IcicleStripCap [STAT:02007CC7];DLC01\Landscape\DLC1IcicleStripCap01.nif
33586377;DLC1IcicleColumn01 [STAT:02007CC9];DLC01\Landscape\DLC1IcicleColumn01.nif
33586508;CasExFreeLg02 [STAT:02007D4C];DLC01\Dungeons\Castle\LgHalls\CasExFreeLg02.nif
33588233;DLC01_INV_SCairnCloudShape02_50 [STAT:02008409];Sky\DLC01_INV_SCairnCloudShape02_50.nif
33588234;DLC01_INV_SCairnCloudShape03 [STAT:0200840A];Sky\DLC01_INV_SCairnCloudShape03.nif
33588235;DLC01_INV_SCairnCloudShape03_50 [STAT:0200840B];Sky\DLC01_INV_SCairnCloudShape03_50.nif
33588236;DLC01_INV_SCairnCloudShape04 [STAT:0200840C];Sky\DLC01_INV_SCairnCloudShape04.nif
33588237;DLC01_INV_SCairnCloudShape04_50 [STAT:0200840D];Sky\DLC01_INV_SCairnCloudShape04_50.nif
33588238;DLC01_INV_SCairnCloudShape05 [STAT:0200840E];Sky\DLC01_INV_SCairnCloudShape05.nif
33588239;DLC01_INV_SCairnCloudShape05_50 [STAT:0200840F];Sky\DLC01_INV_SCairnCloudShape05_50.nif
33588240;DLC01_INV_SCairnCloudShape06 [STAT:02008410];Sky\DLC01_INV_SCairnCloudShape06.nif
33588241;DLC01_INV_SCairnCloudShape06_50 [STAT:02008411];Sky\DLC01_INV_SCairnCloudShape06_50.nif
33588242;DLC01_INV_SCairnCloudDistant05 [STAT:02008412];Sky\DLC01_INV_SCairnCloudDistant05.nif
33588243;DLC01_INV_SCairnCloudDistant05_50 [STAT:02008413];Sky\DLC01_INV_SCairnCloudDistant05_50.nif
33588244;DLC01_INV_SCairnCloudDistant06 [STAT:02008414];Sky\DLC01_INV_SCairnCloudDistant06.nif
33588245;DLC01_INV_SCairnCloudDistant06_50 [STAT:02008415];Sky\DLC01_INV_SCairnCloudDistant06_50.nif
33588246;DLC01_INV_SCairnCloudShape01 [STAT:02008416];Sky\DLC01_INV_SCairnCloudShape01.nif
33588247;DLC01_INV_SCairnCloudShape01_50 [STAT:02008417];Sky\DLC01_INV_SCairnCloudShape01_50.nif
33588248;DLC01_INV_SCairnCloudShape02 [STAT:02008418];Sky\DLC01_INV_SCairnCloudShape02.nif
33588721;CaveGECeiling01Falmer [STAT:020085F1];Dungeons\Caves\Green\EpicWall\CaveGECeiling01.nif
33589075;FalmerBridgeThinSnow [STAT:02008753];DLC01\Architecture\FalmerBridge\FalmerBridgeThin.nif
33589562;DLC01TorturePole [STAT:0200893A];DLC01\Clutter\TorturePole01.nif
33590856;DLC01BucketBlood [STAT:02008E48];DLC01\Clutter\DLC01BucketBloody.nif
33592122;sc_mausoleumCornerR [STAT:0200933A];DLC01\SoulCairn\sc_mausoleumCornerR.nif
33592123;sc_mausoleumCornerL [STAT:0200933B];DLC01\SoulCairn\sc_mausoleumCornerL.nif
33592124;sc_mausoleumcolumn02 [STAT:0200933C];DLC01\SoulCairn\sc_mausoleumcolumn02.nif
33592125;sc_mausoleumWall04 [STAT:0200933D];DLC01\SoulCairn\sc_mausoleumWall04.nif
33592126;sc_mausoleumEND03 [STAT:0200933E];DLC01\SoulCairn\sc_mausoleumEND03.nif
33592127;sc_mausoleumWall03 [STAT:0200933F];DLC01\SoulCairn\sc_mausoleumWall03.nif
33592128;sc_mausoleumDoorway01 [STAT:02009340];DLC01\SoulCairn\sc_mausoleumDoorway01.nif
33592129;sc_mausoleumWall02 [STAT:02009341];DLC01\SoulCairn\sc_mausoleumWall02.nif
33592130;sc_mausoleumEND02 [STAT:02009342];DLC01\SoulCairn\sc_mausoleumEND02.nif
33592131;sc_mausoleumcolumn01 [STAT:02009343];DLC01\SoulCairn\sc_mausoleumcolumn01.nif
33592936;DLC01CoffinPuzzleCoffinStatic [STAT:02009668];DLC01\Clutter\DLC01CoffinPuzzleCoffinTopStatic.nif
33592937;CasExtMainTowerCourtyard01 [STAT:02009669];DLC01\Dungeons\Castle\Exterior\CasExtMainTowerCourtyard01.nif
33592950;DLC1IceWallBig01 [STAT:02009676];DLC01\Landscape\DLC1IceWallBig01.nif
33592953;DLC1IcicleClumpCap [STAT:02009679];DLC01\Landscape\DLC1IcicleClumpCap01.nif
33592956;DLC1IceWallBig02 [STAT:0200967C];DLC01\Landscape\DLC1IceWallBig02.nif
33592958;DLC1IceWallColumnBig [STAT:0200967E];DLC01\Landscape\DLC1IceWallColumnBig.nif
33593301;NorPlatBgStairSingle01ice [STAT:020097D5];Dungeons\Nordic\Platforms\NorPlatBgStairSingle01.nif
33594239;CasLgWinFree01 [STAT:02009B7F];DLC01\Dungeons\Castle\LgRooms\CasLgWinFree01.nif
33594686;FalmerBridgeEnd [STAT:02009D3E];DLC01\Architecture\FalmerBridge\FalmerBridgeEnd.nif
33595115;FalmerBridgeThinBase [STAT:02009EEB];DLC01\Architecture\FalmerBridge\FalmerBridgeThinBase.nif
33596282;CasExtMainTowerBridge01 [STAT:0200A37A];DLC01\Dungeons\Castle\Exterior\CasExtMainTowerBridge01.nif
33587038;CasPlatStairSm01 [STAT:02007F5E];DLC01\Dungeons\Castle\Platforms\CasPlatStairSm01.nif
33587039;CasPlatFreeShelf01 [STAT:02007F5F];DLC01\Dungeons\Castle\Platforms\CasPlatFreeShelf01.nif
33598469;CasLgHall2way01_Snow [STAT:0200AC05];DLC01\Dungeons\Castle\LgHalls\CasLgHall2way01.nif
33600959;DLC1IceWallChunk01 [STAT:0200B5BF];DLC01\Landscape\DLC1IceWallChunk01.nif
33600967;DLC1IcicleBigSingle01 [STAT:0200B5C7];DLC01\Landscape\DLC1IcicleSingleCap01.nif
33600983;DLC01FrozenLakeEdgeNE [STAT:0200B5D7];DLC01\Landscape\DLC01FrozenLakeEdgeNE.nif
33600986;DLC01FrozenLakeCracks3EdgeNE [STAT:0200B5DA];DLC01\Landscape\DLC01FrozenLakeCracks3EdgeNE.nif
33601094;1stPersonDwarvenCrossbow [STAT:0200B646];DLC01\Weapons\Dwarven Crossbow\DwarvenCrossbow.nif
33602116;CasPlatMid01_Snow [STAT:0200BA44];DLC01\Dungeons\Castle\Platforms\CasPlatMid01.nif
33602117;CasPlatFront01_Snow [STAT:0200BA45];DLC01\Dungeons\Castle\Platforms\CasPlatFront01.nif
33602118;CasPlatCorOut01_Snow [STAT:0200BA46];DLC01\Dungeons\Castle\Platforms\CasPlatCorOut01.nif
33602119;CasPlatStair01_Snow [STAT:0200BA47];DLC01\Dungeons\Castle\Platforms\CasPlatStair01.nif
33602120;CasPlatCorIn01_Snow [STAT:0200BA48];DLC01\Dungeons\Castle\Platforms\CasPlatCorIn01.nif
33602121;CasPlatFrontToSmHall01_Snow [STAT:0200BA49];DLC01\Dungeons\Castle\Platforms\CasPlatFrontToSmHall01.nif
33602122;CasPlatFree01_Snow [STAT:0200BA4A];DLC01\Dungeons\Castle\Platforms\CasPlatFree01.nif
33602123;CasPlatRailPost01_Snow [STAT:0200BA4B];DLC01\Dungeons\Castle\Platforms\CasPlatRailPost01.nif
33602401;DExtCorner02 [STAT:0200BB61];DLC01\Architecture\Dawnguard\DExtCorner02.nif
33602410;DExtInnerCorner01 [STAT:0200BB6A];DLC01\Architecture\Dawnguard\DExtInnerCorner01.nif
33603403;DLC01IdealMasterCrystal [STAT:0200BF4B];DLC01\Clutter\DLC01IdealMasterCrystal.nif
33603406;DLC01CrystalPillars [STAT:0200BF4E];DLC01\Clutter\DLc01CrystalPillars.nif
33603408;DLC01CrystalCrater [STAT:0200BF50];DLC01\Clutter\DLC01CrystalCrater.nif
33603822;DLC01FrozenLakeCracks1EdgeNE [STAT:0200C0EE];DLC01\Landscape\DLC01FrozenLakeCracks1EdgeNE.nif
33603862;DLC1IceFloeChunkS01 [STAT:0200C116];DLC01\Landscape\DLC1IceFloeChunkS01.nif
33603863;DLC1IceFloeChunkS02 [STAT:0200C117];DLC01\Landscape\DLC1IceFloeChunkS02.nif
33603864;DLC1IceFloeChunkS03 [STAT:0200C118];DLC01\Landscape\DLC1IceFloeChunkS03.nif
33603865;DLC1IceFloeFrostS01 [STAT:0200C119];DLC01\Landscape\DLC1IceFloeFrostS01.nif
33603866;DLC1IceFloeFrostS02 [STAT:0200C11A];DLC01\Landscape\DLC1IceFloeFrostS02.nif
33603867;DLC1IceFloeFrostS03 [STAT:0200C11B];DLC01\Landscape\DLC1IceFloeFrostS03.nif
33603868;DLC1IceFloeM01 [STAT:0200C11C];DLC01\Landscape\DLC1IceFloeM01.nif
33603869;DLC1IceLandBroken01Skirt [STAT:0200C11D];DLC01\Landscape\DLC1IceLandBroken01Skirt.nif
33603870;DLC1IceLandBroken01 [STAT:0200C11E];DLC01\Landscape\DLC1IceLandBroken01.nif
33603871;DLC1IceLandBroken02 [STAT:0200C11F];DLC01\Landscape\DLC1IceLandBroken02.nif
33603872;DLC1IceFloeL01 [STAT:0200C120];DLC01\Landscape\DLC1IceFloeL01.nif
33603873;DLC1IceFloeS02 [STAT:0200C121];DLC01\Landscape\DLC1IceFloeS02.nif
33603874;DLC1IceFloeS01 [STAT:0200C122];DLC01\Landscape\DLC1IceFloeS01.nif
33604041;FalmerBridgeBaseSnowLight [STAT:0200C1C9];DLC01\Architecture\FalmerBridge\FalmerBridgeBase.nif
33604042;FalmerBridgeEndSnowLight [STAT:0200C1CA];DLC01\Architecture\FalmerBridge\FalmerBridgeEnd.nif
33604043;FalmerBridgeThinBaseSnowLight [STAT:0200C1CB];DLC01\Architecture\FalmerBridge\FalmerBridgeThinBase.nif
33604044;FalmerBridgeThinSnowLight [STAT:0200C1CC];DLC01\Architecture\FalmerBridge\FalmerBridgeThin.nif
33604045;FalmerHut02SnowLight [STAT:0200C1CD];DLC01\Architecture\FalmerHuts\FalmerHut02.nif
33604046;FalmerBridgeSegmentSnowLight [STAT:0200C1CE];DLC01\Architecture\FalmerBridge\FalmerBridgeSegment.nif
33604059;CasSCPortalBase01 [STAT:0200C1DB];DLC01\Dungeons\Castle\Animated\SCPortal\CasSCPortalBase01.nif
33604061;TestVampireBrute [STAT:0200C1DD];Actors\DLC01\VampireBrute\VampireBrute.nif
33604141;sc_mausoleumStairs01 [STAT:0200C22D];DLC01\SoulCairn\sc_mausoleumStairs01.nif
33604142;sc_mausoleumPlatform01 [STAT:0200C22E];DLC01\SoulCairn\sc_mausoleumPlatform01.nif
33604143;sc_mausoleumplatformarch04 [STAT:0200C22F];DLC01\SoulCairn\sc_mausoleumplatformarch04.nif
33604144;sc_mausoleumplatformarch03 [STAT:0200C230];DLC01\SoulCairn\sc_mausoleumplatformarch03.nif
33604145;sc_mausoleumplatformarch02 [STAT:0200C231];DLC01\SoulCairn\sc_mausoleumplatformarch02.nif
33604146;sc_mausoleumplatformarch01 [STAT:0200C232];DLC01\SoulCairn\sc_mausoleumplatformarch01.nif
33604147;sc_mausoleumplatformcapCR [STAT:0200C233];DLC01\SoulCairn\sc_mausoleumplatformcapCR.nif
33604148;sc_mausoleumplatformcapCL [STAT:0200C234];DLC01\SoulCairn\sc_mausoleumplatformcapCL.nif
33604149;sc_mausoleumplatformcap01 [STAT:0200C235];DLC01\SoulCairn\sc_mausoleumplatformcap01.nif
33605127;CasSCPortalExit01 [STAT:0200C607];DLC01\Dungeons\Castle\Animated\SCPortal\CasSCPortalExit01.nif
33605437;CasPlatMid512x384_Snow [STAT:0200C73D];DLC01\Dungeons\Castle\Platforms\CasPlatMid512x384.nif
33607185;DLC1TreeWinterAspenSnow03 [STAT:0200CE11];DLC01\Landscape\Trees\DLC1TreeWinterAspenSnow03.nif
33607186;DLC1TreeWinterAspenSnow05 [STAT:0200CE12];DLC01\Landscape\Trees\DLC1TreeWinterAspenSnow05.nif
33607187;DLC1TreeWinterAspenSnow01 [STAT:0200CE13];DLC01\Landscape\Trees\DLC1TreeWinterAspenSnow01.nif
33607219;DLC1IcicleClumpCap_NoSN [STAT:0200CE33];DLC01\Landscape\DLC1IcicleClumpCap01.nif
33607220;DLC1IceWallChunk01_NoSN [STAT:0200CE34];DLC01\Landscape\DLC1IceWallChunk01.nif
33607224;DLC1IcicleColumn01_NoSN [STAT:0200CE38];DLC01\Landscape\DLC1IcicleColumn01.nif
33607233;IcebergLarge_HeavySN [STAT:0200CE41];Landscape\Ice\IcebergLarge.nif
33607831;1stPersonDawnguardAxe [STAT:0200D097];DLC01\Weapons\Hunter Axe\1stPersonHunterAxe.nif
33609644;DLC01MothgladeBoulder01 [STAT:0200D7AC];DLC01\Clutter\DLC01MothgladeBoulder01.nif
33609646;DLC01MothgladeBoulder02 [STAT:0200D7AE];DLC01\Clutter\DLC01MothgladeBoulder02.nif
33609647;DLC01MothgladeBoulder03 [STAT:0200D7AF];DLC01\Clutter\DLC01MothgladeBoulder03.nif
33609650;DLC01MothgladeBoulder04 [STAT:0200D7B2];DLC01\Clutter\DLC01MothgladeBoulder04.nif
33609666;DLC01MothgladeBoulder05 [STAT:0200D7C2];DLC01\Clutter\DLC01MothgladeBoulder05.nif
33609668;DLC01MothgladePlatform01 [STAT:0200D7C4];DLC01\Clutter\DLC01MothgladePlatform01.nif
33609739;DLC1MountainRidge02CaveUNIQUE_HeavySN [STAT:0200D80B];DLC01\Landscape\DLC1MountainRidge02Cave.nif
33609742;CaveIRHall1Way128R01_DLC1_UNIQUE [STAT:0200D80E];DLC01\Dungeons\FalmerPlayground\CaveIRHall1Way128R01_DLC1_UNIQUE.nif
33609743;CaveIRHallRamp02_DLC1_UNIQUE [STAT:0200D80F];DLC01\Dungeons\FalmerPlayground\CaveIRHallRamp02_DLC1_UNIQUE.nif
33609744;CaveIRHall2Way01_DLC1_UNIQUE [STAT:0200D810];DLC01\Dungeons\FalmerPlayground\CaveIRHall2Way01_DLC1_UNIQUE.nif
33611094;1stPersonDawnguardHammer [STAT:0200DD56];DLC01\Weapons\HunterHammer\1stPersonHunterHammer.nif
33611095;CasExtMainTowerMarker01 [STAT:0200DD57];DLC01\Dungeons\Castle\Exterior\CasExtMainTowerMarker01.nif
33611096;CasExtFrontLeftTower01 [STAT:0200DD58];DLC01\Dungeons\Castle\Exterior\CasExtFrontLeftTower01.nif
33611097;CasExtBackRightTower01 [STAT:0200DD59];DLC01\Dungeons\Castle\Exterior\CasExtBackRightTower01.nif
33611098;CasExtFrontRightTower01 [STAT:0200DD5A];DLC01\Dungeons\Castle\Exterior\CasExtFrontRightTower01.nif
33611099;CasExtTowerWall01 [STAT:0200DD5B];DLC01\Dungeons\Castle\Exterior\CasExtTowerWall01.nif
33611100;CasExtBackLeftTower01 [STAT:0200DD5C];DLC01\Dungeons\Castle\Exterior\CasExtBackLeftTower01.nif
33612770;sc_stonepile05 [STAT:0200E3E2];DLC01\SoulCairn\sc_stonepile05.nif
33612771;sc_bonepile05 [STAT:0200E3E3];DLC01\SoulCairn\sc_bonepile05.nif
33612772;sc_bonepile03 [STAT:0200E3E4];DLC01\SoulCairn\sc_bonepile03.nif
33612773;sc_bonepile02 [STAT:0200E3E5];DLC01\SoulCairn\sc_bonepile02.nif
33612774;sc_stonepile04 [STAT:0200E3E6];DLC01\SoulCairn\sc_stonepile04.nif
33612775;sc_stonepile03 [STAT:0200E3E7];DLC01\SoulCairn\sc_stonepile03.nif
33612776;sc_stonepile02 [STAT:0200E3E8];DLC01\SoulCairn\sc_stonepile02.nif
33612777;sc_stonepile01 [STAT:0200E3E9];DLC01\SoulCairn\sc_stonepile01.nif
33612778;sc_bonepile06 [STAT:0200E3EA];DLC01\SoulCairn\sc_bonepile06.nif
33612779;sc_bonepile04 [STAT:0200E3EB];DLC01\SoulCairn\sc_bonepile04.nif
33612780;sc_bonepile01 [STAT:0200E3EC];DLC01\SoulCairn\sc_bonepile01.nif
33612783;sc_boneyardtower01 [STAT:0200E3EF];DLC01\SoulCairn\sc_boneyardtower01.nif
33612784;sc_mausoleumTowerCap01 [STAT:0200E3F0];DLC01\SoulCairn\sc_mausoleumTowerCap01.nif
33614312;DLC01RockPileL04SoulCairnRock01 [STAT:0200E9E8];Landscape\Rocks\RockPileL04.nif
33614313;DLC01RockPileL02SoulCairnRock01 [STAT:0200E9E9];Landscape\Rocks\RockPileL02.nif
33615795;DLC01LumGroundCover01 [STAT:0200EFB3];DLC01\Landscape\Plants\DLC1LumGroundCover01.nif
33615800;DLC01LumGroundCover02 [STAT:0200EFB8];DLC01\Landscape\Plants\DLC1LumGroundCover02.nif
33615803;DLC01RockCaveEntrance01 [STAT:0200EFBB];DLC01\Landscape\Rocks\DLC01RockCaveEntrance01.nif
33615804;DLC01RockCaveEntrance01Rocks01Snow [STAT:0200EFBC];DLC01\Landscape\Rocks\DLC01RockCaveEntrance01.nif
33618389;CasSecEntranceBase01 [STAT:0200F9D5];DLC01\Dungeons\Castle\Animated\SecretEntrance\CasSecEntranceBase01.nif
33618410;sc_freewall01 [STAT:0200F9EA];DLC01\SoulCairn\sc_freewall01.nif
33618414;sc_freewall02 [STAT:0200F9EE];DLC01\SoulCairn\sc_freewall02.nif
33618416;sc_freewallCap02 [STAT:0200F9F0];DLC01\SoulCairn\sc_freewallCap02.nif
33618417;sc_freewallCap01 [STAT:0200F9F1];DLC01\SoulCairn\sc_freewallCap01.nif
33618418;sc_freewall03 [STAT:0200F9F2];DLC01\SoulCairn\sc_freewall03.nif
33618426;sc_freewallCap03 [STAT:0200F9FA];DLC01\SoulCairn\sc_freewallCap03.nif
33618442;sc_freewall04 [STAT:0200FA0A];DLC01\SoulCairn\sc_freewall04.nif
33619681;DLC1AncestorsGladeLHall1Way128L01 [STAT:0200FEE1];Dungeons\Caves\Green\LargeHall\CaveGLHall1Way128L01.nif
33619682;DLC1AncestorsGladeLHall1Way128D01 [STAT:0200FEE2];Dungeons\Caves\Green\LargeHall\CaveGLHall1Way128D01.nif
33619683;DLC1AncestorsGladeLHallRamp01 [STAT:0200FEE3];Dungeons\Caves\Green\LargeHall\CaveGLHallRamp01.nif
33619684;DLC1AncestorsGladeLEWallDoorLB01 [STAT:0200FEE4];Dungeons\Caves\Green\LargeWall\CaveGLEWallDoorLB01.nif
33619685;DLC1AncestorsGladeLRoomInCorner01 [STAT:0200FEE5];Dungeons\Caves\Green\LargeRoom\CaveGLRoomInCorner01.nif
33619686;DLC1AncestorsGladeLRoomCorner02 [STAT:0200FEE6];Dungeons\Caves\Green\LargeRoom\CaveGLRoomCorner02.nif
33619687;DLC1AncestorsGladeLRoomCorner02c [STAT:0200FEE7];Dungeons\Caves\Green\LargeRoom\CaveGLRoomCorner02c.nif
33619688;DLC1AncestorsGladeLRoomWall02 [STAT:0200FEE8];Dungeons\Caves\Green\LargeRoom\CaveGLRoomWall02.nif
33619689;DLC1AncestorsGladeLRoomCorner01 [STAT:0200FEE9];Dungeons\Caves\Green\LargeRoom\CaveGLRoomCorner01.nif
33619690;DLC1AncestorsGladeLRoomWall01 [STAT:0200FEEA];Dungeons\Caves\Green\LargeRoom\CaveGLRoomWall01.nif
33619691;DLC1AncestorsGladeLRoomMid01 [STAT:0200FEEB];Dungeons\Caves\Green\LargeRoom\CaveGLRoomMid01.nif
33619692;DLC1AncestorsGladeLRoomMid01c [STAT:0200FEEC];Dungeons\Caves\Green\LargeRoom\CaveGLRoomMid01c.nif
33620212;DInt4Way01 [STAT:020100F4];DLC01\Architecture\Dawnguard\DInt4Way01.nif
33620213;DInt3Way01 [STAT:020100F5];DLC01\Architecture\Dawnguard\DInt3Way01.nif
33620214;DIntCorner01 [STAT:020100F6];DLC01\Architecture\Dawnguard\DIntCorner01.nif
33620216;DIntTowerBase01 [STAT:020100F8];DLC01\Architecture\Dawnguard\DIntTowerBase01.nif
33620255;DIntTowerMid02 [STAT:0201011F];DLC01\Architecture\Dawnguard\DIntTowerMid02.nif
33620256;DIntTowerMid01 [STAT:02010120];DLC01\Architecture\Dawnguard\DIntTowerMid01.nif
33620261;DIntTowerTop02 [STAT:02010125];DLC01\Architecture\Dawnguard\DIntTowerTop02.nif
33620262;DIntTowerTop01 [STAT:02010126];DLC01\Architecture\Dawnguard\DIntTowerTop01.nif
33620263;DIntSmallHall01 [STAT:02010127];DLC01\Architecture\Dawnguard\DIntSmallHall01.nif
33620267;DIntTowerStairs01 [STAT:0201012B];DLC01\Architecture\Dawnguard\DIntTowerStairs01.nif
33620269;DInt3WayDoor01 [STAT:0201012D];DLC01\Architecture\Dawnguard\DInt3WayDoor01.nif
33620281;DIntSmallHallDoor01 [STAT:02010139];DLC01\Architecture\Dawnguard\DIntSmallHallDoor01.nif
33620283;DIntCornerDoor02 [STAT:0201013B];DLC01\Architecture\Dawnguard\DIntCornerDoor02.nif
33620284;DIntCornerDoor01 [STAT:0201013C];DLC01\Architecture\Dawnguard\DIntCornerDoor01.nif
33620357;DIntRCorner01 [STAT:02010185];DLC01\Architecture\Dawnguard\DIntRCorner01.nif
33620358;DIntRWall01 [STAT:02010186];DLC01\Architecture\Dawnguard\DIntRWall01.nif
33620359;DIntR3Way01 [STAT:02010187];DLC01\Architecture\Dawnguard\DIntR3Way01.nif
33620360;DIntRCenter01 [STAT:02010188];DLC01\Architecture\Dawnguard\DIntRCenter01.nif
33620363;DIntRCorner02 [STAT:0201018B];DLC01\Architecture\Dawnguard\DIntRCorner02.nif
33620366;DIntRCorner03 [STAT:0201018E];DLC01\Architecture\Dawnguard\DIntRCorner03.nif
33620367;DIntRCorner04 [STAT:0201018F];DLC01\Architecture\Dawnguard\DIntRCorner04.nif
33620472;DIntCapCorner01 [STAT:020101F8];DLC01\Architecture\Dawnguard\DIntCapCorner01.nif
33620473;DIntCapHall01 [STAT:020101F9];DLC01\Architecture\Dawnguard\DIntCapHall01.nif
33620474;DIntCapStairs01 [STAT:020101FA];DLC01\Architecture\Dawnguard\DIntCapStairs01.nif
33620475;DIntCapWall01 [STAT:020101FB];DLC01\Architecture\Dawnguard\DIntCapWall01.nif
33621079;SERuinsWaygatePlatform01 [STAT:02010457];DLC01\Architecture\SnowElfRuins\SERuinsWaygatePlatform01.nif
33622339;FalmerCityRoundFloorLg01 [STAT:02010943];DLC01\Architecture\FalmerHuts\FalmerCityRoundFloorLg01.nif
33622340;FalmerCityRoundFloorLg02 [STAT:02010944];DLC01\Architecture\FalmerHuts\FalmerCityRoundFloorLg02.nif
33622341;FalmerCityRoundFloorSm01 [STAT:02010945];DLC01\Architecture\FalmerHuts\FalmerCityRoundFloorSm01.nif
33622342;FalmerCityHutDoor01 [STAT:02010946];DLC01\Architecture\FalmerHuts\FalmerCityHutDoor01.nif
33622343;FalmerCityHutNoDoor01 [STAT:02010947];DLC01\Architecture\FalmerHuts\FalmerCityHutNoDoor01.nif
33622344;FalmerCityRingDoor01 [STAT:02010948];DLC01\Architecture\FalmerHuts\FalmerCityRingDoor01.nif
33622345;FalmerCityRingNoDoor01 [STAT:02010949];DLC01\Architecture\FalmerHuts\FalmerCityRingNoDoor01.nif
33622346;FalmerCityRingStrutsDoor01 [STAT:0201094A];DLC01\Architecture\FalmerHuts\FalmerCityRingStrutsDoor01.nif
33622347;FalmerCityRingStrutsNoDoor01 [STAT:0201094B];DLC01\Architecture\FalmerHuts\FalmerCityRingStrutsNoDoor01.nif
33622348;FalmerCityFenceRingNoDoor04 [STAT:0201094C];DLC01\Architecture\FalmerHuts\FalmerCityFenceRingNoDoor04.nif
33622349;FalmerCityFenceRingDoor02 [STAT:0201094D];DLC01\Architecture\FalmerHuts\FalmerCityFenceRingDoor02.nif
33622350;FalmerCityFenceRingNoDoor02 [STAT:0201094E];DLC01\Architecture\FalmerHuts\FalmerCityFenceRingNoDoor02.nif
33622351;FalmerCityFenceRingNoDoor01 [STAT:0201094F];DLC01\Architecture\FalmerHuts\FalmerCityFenceRingNoDoor01.nif
33622352;FalmerCityRoundRamp01 [STAT:02010950];DLC01\Architecture\FalmerHuts\FalmerCityRoundRamp01.nif
33622353;FalmerCityHutPod01 [STAT:02010951];DLC01\Architecture\FalmerHuts\FalmerCityHutPod01.nif
33622532;FalmerPGEBalconyRamp01SnowLight [STAT:02010A04];DLC01\Dungeons\FalmerPlayground\FalmerPGEBalconyRamp01.nif
33622533;FalmerPGEBalconyBridge01WideSnowLight [STAT:02010A05];DLC01\Dungeons\FalmerPlayground\FalmerPGEBalconyBridge01Wide.nif
33622860;WordWallBroken [STAT:02010B4C];Dungeons\Nordic\Chambers\WordWallHighHrothgarBroken.nif
33622948;sc_towerfloatingrocks [STAT:02010BA4];DLC01\SoulCairn\sc_towerfloatingrocks.nif
33622957;sc_towerfloatingrocks02 [STAT:02010BAD];DLC01\SoulCairn\sc_towerfloatingrocks02.nif
33622958;sc_towerfloatingrocks03 [STAT:02010BAE];DLC01\SoulCairn\sc_towerfloatingrocks03.nif
33625228;DIntRWallHearth01 [STAT:0201148C];DLC01\Architecture\Dawnguard\DIntRWallHearth01.nif
33625235;DIntSmallCorner01 [STAT:02011493];DLC01\Architecture\Dawnguard\DIntSmallCorner01.nif
33625236;DIntSmall4Way01 [STAT:02011494];DLC01\Architecture\Dawnguard\DIntSmall4Way01.nif
33625237;DIntSmall3Way01 [STAT:02011495];DLC01\Architecture\Dawnguard\DIntSmall3Way01.nif
33625262;DIntSmallHallEnd01 [STAT:020114AE];DLC01\Architecture\Dawnguard\DIntSmallHallEnd01.nif
33625600;DLC1IceWallColumnBig_NoSN [STAT:02011600];DLC01\Landscape\DLC1IceWallColumnBig.nif
33625602;DLC1IceWallBig02_NoSN [STAT:02011602];DLC01\Landscape\DLC1IceWallBig02.nif
33626120;DLC1MountainTrim01SoulCairnRock01 [STAT:02011808];Landscape\Mountains\MountainTrim01.nif
33626128;DLC1RockPileM02SoulCairnRock01 [STAT:02011810];Landscape\Rocks\RockPileM02.nif
33626129;DLC1RockPileM03SoulCairnRock01 [STAT:02011811];Landscape\Rocks\RockPileM03.nif
33626130;DLC1RockPileS02SoulCairnRock01 [STAT:02011812];Landscape\Rocks\RockPileS02.nif
33626131;DLC1RockPileS02SoulCairnDirt03 [STAT:02011813];Landscape\Rocks\RockPileS02.nif
33626140;DLC1RockPileS04SoulCairnRock01 [STAT:0201181C];Landscape\Rocks\RockPileS04.nif
33626147;DLC1RockCliff02SoulCairnRock01 [STAT:02011823];Landscape\Rocks\RockCliff02.nif
33626157;DCL1TundraStreamBend01SoulCairnDirt01 [STAT:0201182D];Landscape\Tundra\TundraStreamBend01.nif
33626193;DLC1MountainTrim01SoulCairnDirt03 [STAT:02011851];Landscape\Mountains\MountainTrim01.nif
33626200;DLC1RockPileM01SoulCairnRock01 [STAT:02011858];Landscape\Rocks\RockPileM01.nif
33626624;CasFloorRaised01 [STAT:02011A00];DLC01\Dungeons\Castle\Rubble\CasFloorRaised01.nif
33626625;CasFloorRaised02 [STAT:02011A01];DLC01\Dungeons\Castle\Rubble\CasFloorRaised02.nif
33626626;CasFloorRubbleFlat01 [STAT:02011A02];DLC01\Dungeons\Castle\Rubble\CasFloorRubbleFlat01.nif
33626627;CasRubblePile01 [STAT:02011A03];DLC01\Dungeons\Castle\Rubble\CasRubblePile01.nif
33626628;CasRubblePile02 [STAT:02011A04];DLC01\Dungeons\Castle\Rubble\CasRubblePile02.nif
33626629;CasRubblePile03 [STAT:02011A05];DLC01\Dungeons\Castle\Rubble\CasRubblePile03.nif
33626630;CasRubblePile04 [STAT:02011A06];DLC01\Dungeons\Castle\Rubble\CasRubblePile04.nif
33626631;CasRubblePile05 [STAT:02011A07];DLC01\Dungeons\Castle\Rubble\CasRubblePile05.nif
33626632;CasRubblePile06 [STAT:02011A08];DLC01\Dungeons\Castle\Rubble\CasRubblePile06.nif
33626633;CasRubblePile07 [STAT:02011A09];DLC01\Dungeons\Castle\Rubble\CasRubblePile07.nif
33626634;CasRubblePile08 [STAT:02011A0A];DLC01\Dungeons\Castle\Rubble\CasRubblePile08.nif
33626635;CasRubblePileCeiling01 [STAT:02011A0B];DLC01\Dungeons\Castle\Rubble\CasRubblePileCeiling01.nif
33626636;CasRubblePileCeiling02 [STAT:02011A0C];DLC01\Dungeons\Castle\Rubble\CasRubblePileCeiling02.nif
33626762;DLC01Fissure01SoulCairnRock01 [STAT:02011A8A];Landscape\Volcanic\VolcanicFissure01.nif
33627058;CasPlatRailBrokenCap01 [STAT:02011BB2];DLC01\Dungeons\Castle\Platforms\CasPlatRailBrokenCap01.nif
33627059;CasExFreeLgCap01 [STAT:02011BB3];DLC01\Dungeons\Castle\LgHalls\CasExFreeLgCap01.nif
33627200;DLC1TundraPond01SoulCairnDirt01 [STAT:02011C40];Landscape\Tundra\TundraPond01.nif
33627201;DLC1RockPileS03SoulCairnDirt01 [STAT:02011C41];Landscape\Rocks\RockPileS03.nif
33627202;DLC1RockPileS01SoulCairnDirt01 [STAT:02011C42];Landscape\Rocks\RockPileS01.nif
33627230;DIntHallDoor01 [STAT:02011C5E];DLC01\Architecture\Dawnguard\DIntHallDoor01.nif
33627232;DIntHall01 [STAT:02011C60];DLC01\Architecture\Dawnguard\DIntHall01.nif
33627233;DIntHallEntrance01 [STAT:02011C61];DLC01\Architecture\Dawnguard\DIntHallEntrance01.nif
33627234;DIntHallEnd01 [STAT:02011C62];DLC01\Architecture\Dawnguard\DIntHallEnd01.nif
33627271;DIntR3WayDoor01 [STAT:02011C87];DLC01\Architecture\Dawnguard\DIntR3WayDoor01.nif
33630908;DLC1FalmerWallPod [STAT:02012ABC];DLC01\Architecture\FalmerHuts\DLC1WallPod.nif
33631140;DLC1MountainCliffSlopeSoulCairnRock01 [STAT:02012BA4];Landscape\Mountains\MountainCliffSlope.nif
33632787;DLC1MountainTrim01SoulCairnDirt05 [STAT:02013213];Landscape\Mountains\MountainTrim01.nif
33632839;DLC1RockPileS03SoulCairnRock01 [STAT:02013247];Landscape\Rocks\RockPileS03.nif
33632864;DLC1RockPileM03SoulCairnDirt02 [STAT:02013260];Landscape\Rocks\RockPileM03.nif
33632887;DLC1RockPileS04SoulCairnDirt02 [STAT:02013277];Landscape\Rocks\RockPileS04.nif
33632893;DLC1RockPileS04SoulCairnDirt01 [STAT:0201327D];Landscape\Rocks\RockPileS04.nif
33634633;CasRubblePiece01 [STAT:02013949];Dungeons\Nordic\Rubble\NorRubblePiece01.nif
33635112;CasStoneBlock06 [STAT:02013B28];Dungeons\Imperial\Exterior\ImpExtBlocks06.nif
33635113;CasStoneBlock05 [STAT:02013B29];Dungeons\Imperial\Exterior\ImpExtBlocks05.nif
33635134;FalmerCityHutPod01SnowLight [STAT:02013B3E];DLC01\Architecture\FalmerHuts\FalmerCityHutPod01.nif
33635135;FalmerCityRoundRamp01SnowLight [STAT:02013B3F];DLC01\Architecture\FalmerHuts\FalmerCityRoundRamp01.nif
33635136;FalmerCityHutDoor01SnowLight [STAT:02013B40];DLC01\Architecture\FalmerHuts\FalmerCityHutDoor01.nif
33635137;FalmerCityHutNoDoor01SnowLight [STAT:02013B41];DLC01\Architecture\FalmerHuts\FalmerCityHutNoDoor01.nif
33635138;FalmerCityRingStrutsDoor01SnowLight [STAT:02013B42];DLC01\Architecture\FalmerHuts\FalmerCityRingStrutsDoor01.nif
33635139;FalmerCityRingDoor01SnowLight [STAT:02013B43];DLC01\Architecture\FalmerHuts\FalmerCityRingDoor01.nif
33635140;FalmerCityFenceRingDoor02SnowLight [STAT:02013B44];DLC01\Architecture\FalmerHuts\FalmerCityFenceRingDoor02.nif
33635141;FalmerCityFenceRingNoDoor01SnowLight [STAT:02013B45];DLC01\Architecture\FalmerHuts\FalmerCityFenceRingNoDoor01.nif
33635142;FalmerCityRingStrutsNoDoor01SnowLight [STAT:02013B46];DLC01\Architecture\FalmerHuts\FalmerCityRingStrutsNoDoor01.nif
33635205;CasGargoyleStatue01 [STAT:02013B85];DLC01\Dungeons\Castle\Clutter\CasGargoyleStatue01.nif
33635944;FalmerChiefTentCharus_LightSN [STAT:02013E68];DLC01\Architecture\FalmerHuts\FalmerChiefTentCharus.nif
33636024;DLC1LD_AetherialStaff1stPerson [STAT:02013EB8];DLC01\Weapons\Dwarven\1stPersonDwarvenStaffCrystal.nif
33636333;SERuinsTempleDeck01 [STAT:02013FED];DLC01\Architecture\SnowElfRuins\SERuinsTempleDeck01.nif
33636340;SERuinsHallBGDoorFrame02 [STAT:02013FF4];DLC01\Architecture\SnowElfRuins\Interior\SERuinsHallBGDoorFrame02.nif
33636774;DweSteamTriggerPipe01 [STAT:020141A6];DLC01\Dungeons\Dwemer\Animated\DweSteamTrigger01\DweSteamTriggerPipe01.nif
33638088;RockPileL01FallForestLeaves01 [STAT:020146C8];Landscape\Rocks\RockPileL01.nif
33639261;DweSteppedDias01 [STAT:02014B5D];DLC01\Dungeons\Dwemer\Animated\DweSpecialForge01\DweSteppedDias01.nif
479302;FarmInnDestroyed01Snow [STAT:00075046];DLC01\Architecture\Farmhouse\DLC1InnDestroyed01.nif
33639916;VigilantHallDestroyed [STAT:02014DEC];DLC01\Architecture\Farmhouse\DLC1InnDestroyed01.nif
33639922;FarmIntLHFirePit03Snow [STAT:02014DF2];Architecture\Farmhouse\Interior\FarmIntLHFirePit03.nif
33639979;BurntRubble02Snow01 [STAT:02014E2B];Clutter\Helgen\BurntRubble02.nif
33640087;DweSpecialForgeLava02 [STAT:02014E97];DLC01\Dungeons\Dwemer\Animated\DweSpecialForge01\DweSpecialForgeLava02.nif
33640088;DweSpecialForgeLava03 [STAT:02014E98];DLC01\Dungeons\Dwemer\Animated\DweSpecialForge01\DweSpecialForgeLava03.nif
33640388;1stPersonDragonboneBattleaxe [STAT:02014FC4];DLC01\Weapons\Dragonbone\1stpersonBattleaxe.nif
33640389;1stPersonDragonboneDagger [STAT:02014FC5];DLC01\Weapons\Dragonbone\1stpersonDagger.nif
33640390;1stPersonDragonboneGreatsword [STAT:02014FC6];DLC01\Weapons\Dragonbone\1stpersonGreatsword.nif
33640391;1stPersonDragonboneMace [STAT:02014FC7];DLC01\Weapons\Dragonbone\1stpersonMace.nif
33640392;1stPersonDragonboneSword [STAT:02014FC8];DLC01\Weapons\Dragonbone\1stpersonSword.nif
33640393;1stPersonDragonboneWarAxe [STAT:02014FC9];DLC01\Weapons\Dragonbone\1stpersonWarAxe.nif
33640394;1stPersonDragonboneWarhammer [STAT:02014FCA];DLC01\Weapons\Dragonbone\1stpersonWarhammer.nif
33640401;DweSpecialForgeLava01 [STAT:02014FD1];DLC01\Dungeons\Dwemer\Animated\DweSpecialForge01\DweSpecialForgeLava01.nif
33640427;FalmerCityRoundRamp02 [STAT:02014FEB];DLC01\Architecture\FalmerHuts\FalmerCityRoundRamp02.nif
33640428;FalmerCityRoundRamp02SnowLight [STAT:02014FEC];DLC01\Architecture\FalmerHuts\FalmerCityRoundRamp02.nif
33641381;sc_boneyardentrance [STAT:020153A5];DLC01\SoulCairn\sc_boneyardentrance.nif
33641402;TestBossRoom01 [STAT:020153BA];DLC01\Architecture\SnowElfRuins\TestBossRoom01.nif
33641416;FalmerCityRingNoDoor01SnowLight [STAT:020153C8];DLC01\Architecture\FalmerHuts\FalmerCityRingNoDoor01.nif
33641463;FXWaterfallBodyTall02MovLOD [STAT:020153F7];DLC01\Effects\FXWaterfallBodyTall02MovLOD.nif
33641464;FXWaterfallBodyTall02noLOD [STAT:020153F8];DLC01\Effects\FXWaterfallBodyTall02noLOD.nif
33642436;SERuinsRmPillarFreeBroken02Snow [STAT:020157C4];DLC01\Architecture\SnowElfRuins\Interior\SERuinsRmPillarFreeBroken02.nif
33642437;SERuinsRmPillarFreeBroken01Snow [STAT:020157C5];DLC01\Architecture\SnowElfRuins\Interior\SERuinsRmPillarFreeBroken01.nif
33643364;DLC1CasShaftBot01 [STAT:02015B64];Dungeons\Nordic\Shafts\NorRmShaftBot01.nif
33643365;DLC1CasShaftMidExSm01 [STAT:02015B65];Dungeons\Nordic\Shafts\NorRmShaftMidExSm01.nif
33643464;DLC1IcebergLarge [STAT:02015BC8];Landscape\Ice\IcebergLarge.nif
33643465;DLC1IcebergLarge_HeavySN [STAT:02015BC9];Landscape\Ice\IcebergLarge.nif
33643466;DLC1IcebergLarge_LightSN [STAT:02015BCA];Landscape\Ice\IcebergLarge.nif
33643563;DweDesColumn01Base [STAT:02015C2B];DLC01\Dungeons\Dwemer\Destructible\DweDesColumn01Base.nif
33644525;DLC1GlacierEndLg01 [STAT:02015FED];Landscape\Ice\GlacierEndLg01.nif
33644526;DLC1GlacierEndLg01_NoSN [STAT:02015FEE];Landscape\Ice\GlacierEndLg01.nif
33644533;DLC1cavewormtubelarge [STAT:02015FF5];DLC01\Plants\cavewormtube\cavewormtubelarge.nif
33644537;Dlc1cavewormgrouptube [STAT:02015FF9];DLC01\Plants\cavewormtube\Dlc1cavewormgrouptube.nif
33644667;SERuinsArchwayFree01 [STAT:0201607B];DLC01\Architecture\SnowElfRuins\SERuinsArchwayFree01.nif
33644675;CasSmHallFirePlace01 [STAT:02016083];DLC01\Dungeons\Castle\SmHalls\CasSmHallFirePlace01.nif
33644819;CaveGBouldDes01Base [STAT:02016113];DLC01\Dungeons\Caves\CaveGBoulderDes01Base.nif
33647067;DLC01StatueofAuriel [STAT:020169DB];DLC01\Clutter\AurielStatue\StatueOfAuriel.nif
33647185;SERuinsArchwayFree01SnowLight [STAT:02016A51];DLC01\Architecture\SnowElfRuins\SERuinsArchwayFree01.nif
33650233;SERuinsArchRubbles01 [STAT:02017639];DLC01\Architecture\SnowElfRuins\SERuinsArchRubbles01.nif
33650235;SERuinsColumnRubbles01 [STAT:0201763B];DLC01\Architecture\SnowElfRuins\SERuinsColumnRubbles01.nif
33650236;SERuinsColumnRubbles02 [STAT:0201763C];DLC01\Architecture\SnowElfRuins\SERuinsColumnRubbles02.nif
33650239;SERuinsArchRubbles03 [STAT:0201763F];DLC01\Architecture\SnowElfRuins\SERuinsArchRubbles03.nif
33650240;SERuinsRubbles01 [STAT:02017640];DLC01\Architecture\SnowElfRuins\SERuinsRubbles01.nif
33650241;SERuinsRubbles02 [STAT:02017641];DLC01\Architecture\SnowElfRuins\SERuinsRubbles02.nif
33650242;SERuinsArchRubbles02 [STAT:02017642];DLC01\Architecture\SnowElfRuins\SERuinsArchRubbles02.nif
33650257;sc_lightwell01 [STAT:02017651];DLC01\SoulCairn\sc_lightwell01.nif
33650293;CasSCPortalExitStairs01 [STAT:02017675];DLC01\Dungeons\Castle\Animated\SCPortal\CasSCPortalExitStairs01.nif
33650403;CasExFreeLgCap01_Snow [STAT:020176E3];DLC01\Dungeons\Castle\LgHalls\CasExFreeLgCap01.nif
33650405;CasExFreeLgDoorSTATIC [STAT:020176E5];DLC01\Dungeons\Castle\LgHalls\CasExFreeLgDoor01.nif
33650418;1stPersonDragoneboneBow [STAT:020176F2];DLC01\Weapons\Dragonbone\Bow.nif
33650678;Dlc1FalmerJug01 [STAT:020177F6];DLC01\Clutter\Dlc1FalmerJug01.nif
33650679;Dlc1FalmerJug02 [STAT:020177F7];DLC01\Clutter\Dlc1FalmerJug02.nif
33650680;DLC1FalmerTotem01 [STAT:020177F8];DLC01\Clutter\DLC1FalmerTotem01.nif
33650735;Dlc1FalmerBugParts01 [STAT:0201782F];DLC01\Clutter\Dlc1FalmerBugParts01.nif
33650826;DLC1IcicleClumpCap03 [STAT:0201788A];DLC01\Landscape\DLC1IcicleClumpCap03.nif
33650827;DLC1IcicleClumpCap02 [STAT:0201788B];DLC01\Landscape\DLC1IcicleClumpCap02.nif
33650828;IcicleBigClump_DLC1 [STAT:0201788C];DLC01\Landscape\IcicleBigClump_DLC1.nif
33650829;IcicleSmallSingle_DLC1 [STAT:0201788D];DLC01\Landscape\IcicleSmallSingle_DLC1.nif
33650830;IcicleThinStrip_DLC1 [STAT:0201788E];DLC01\Landscape\IcicleThinStrip_DLC1.nif
33650831;IcicleBigSingle01_DLC1 [STAT:0201788F];DLC01\Landscape\IcicleBigSingle01_DLC1.nif
33650832;IcicleBigStrip_DLC1 [STAT:02017890];DLC01\Landscape\IcicleBigStrip_DLC1.nif
33650833;IcicleSmallClump_DLC1 [STAT:02017891];DLC01\Landscape\IcicleSmallClump_DLC1.nif
33650992;CasPlatBridgeFree01 [STAT:02017930];DLC01\Dungeons\Castle\Platforms\CasPlatBridgeFree01.nif
33651210;DweRoadChunkM02_Mine [STAT:02017A0A];Dungeons\Dwemer\Roads\DweRoadChunkM02.nif
33651211;DweRoadChunkS02_Mine [STAT:02017A0B];Dungeons\Dwemer\Roads\DweRoadChunkS02.nif
33651212;DweRoadChunkS01_Mine [STAT:02017A0C];Dungeons\Dwemer\Roads\DweRoadChunkS01.nif
33651213;DweRoadChunkL01_Mine [STAT:02017A0D];Dungeons\Dwemer\Roads\DweRoadChunkL01.nif
33651214;DweRoadChunkL03_Mine [STAT:02017A0E];Dungeons\Dwemer\Roads\DweRoadChunkL03.nif
33651215;DweRoadChunkS04_Mine [STAT:02017A0F];Dungeons\Dwemer\Roads\DweRoadChunkS04.nif
33651216;DweRoadChunkM04_Mine [STAT:02017A10];Dungeons\Dwemer\Roads\DweRoadChunkM04.nif
33651217;DweRoadChunkM03_Mine [STAT:02017A11];Dungeons\Dwemer\Roads\DweRoadChunkM03.nif
33651218;DweRoadCurve90R01_Mine [STAT:02017A12];Dungeons\Dwemer\Roads\DweRoadCurve90R01.nif
33651219;DweRoadChunkM01_Mine [STAT:02017A13];Dungeons\Dwemer\Roads\DweRoadChunkM01.nif
33651220;DweRoadChunkL02_Mine [STAT:02017A14];Dungeons\Dwemer\Roads\DweRoadChunkL02.nif
33652022;SERuinsTempleFacade01 [STAT:02017D36];DLC01\Architecture\SnowElfRuins\SERuinsTempleFacade01.nif
33652056;CasFloorRaised01_Snow [STAT:02017D58];DLC01\Dungeons\Castle\Rubble\CasFloorRaised01.nif
33652065;CasPlatFree02_Snow [STAT:02017D61];DLC01\Dungeons\Castle\Platforms\CasPlatFree02.nif
33652341;CasPlatBridgeFree01_Snow [STAT:02017E75];DLC01\Dungeons\Castle\Platforms\CasPlatBridgeFree01.nif
33652348;CasPlatRail128_Snow [STAT:02017E7C];DLC01\Dungeons\Castle\Platforms\CasPlatRail128.nif
33652349;CasPlatRail256_Snow [STAT:02017E7D];DLC01\Dungeons\Castle\Platforms\CasPlatRail256.nif
33652350;CasRubblePileCeiling01_Snow [STAT:02017E7E];DLC01\Dungeons\Castle\Rubble\CasRubblePileCeiling01.nif
33652351;CasRubblePile01_Snow [STAT:02017E7F];DLC01\Dungeons\Castle\Rubble\CasRubblePile01.nif
33652352;CasRubblePileCeiling02_Snow [STAT:02017E80];DLC01\Dungeons\Castle\Rubble\CasRubblePileCeiling02.nif
33652353;CasRubblePiece01_Snow [STAT:02017E81];Dungeons\Nordic\Rubble\NorRubblePiece01.nif
33652354;CasRubblePile03_Snow [STAT:02017E82];DLC01\Dungeons\Castle\Rubble\CasRubblePile03.nif
33652355;CasRubblePile08_Snow [STAT:02017E83];DLC01\Dungeons\Castle\Rubble\CasRubblePile08.nif
33652589;DLC01FrozenLakeBreak01 [STAT:02017F6D];DLC01\Landscape\DLC01FrozenLakeBreak01.nif
33652590;DLC01FrozenLakeBreakCap01 [STAT:02017F6E];DLC01\Landscape\DLC01FrozenLakeBreakCap.nif
33652602;FXWaterfallBodyTallnoLOD [STAT:02017F7A];Effects\FXWaterfallBodyTall.nif
33652853;CasSCPortalExit01FX [STAT:02018075];DLC01\Dungeons\Castle\Animated\SCPortal\CasSCPortalExit01FX.nif
33653064;SERuinsColumnRubbles01SnowLight [STAT:02018148];DLC01\Architecture\SnowElfRuins\SERuinsColumnRubbles01.nif
33653066;SERuinsColumnRubbles02SnowLight [STAT:0201814A];DLC01\Architecture\SnowElfRuins\SERuinsColumnRubbles02.nif
33653078;SERuinsWaygatePlatform01SnowLight [STAT:02018156];DLC01\Architecture\SnowElfRuins\SERuinsWaygatePlatform01.nif
33653080;SERuinsArchRubbles03SnowLight [STAT:02018158];DLC01\Architecture\SnowElfRuins\SERuinsArchRubbles03.nif
33653160;SERuinsRubblePile02 [STAT:020181A8];DLC01\Architecture\SnowElfRuins\SERuinsRubblePile02.nif
33653164;SERuinsRubblePile01 [STAT:020181AC];DLC01\Architecture\SnowElfRuins\SERuinsRubblePile01.nif
33653166;SERuinsRubblePile03 [STAT:020181AE];DLC01\Architecture\SnowElfRuins\SERuinsRubblePile03.nif
33653168;SERuinsRmPillarChunk01 [STAT:020181B0];DLC01\Architecture\SnowElfRuins\Interior\SERuinsRmPillarChunk01.nif
33653675;1stPersonDLC1DawnguardRuneAxe [STAT:020183AB];DLC01\Weapons\Hunter Axe\1stPersonMagicHunterAxe.nif
33653676;1stPersonDLC1DawnguardRuneHammer [STAT:020183AC];DLC01\Weapons\HunterHammer\1stPersonMagicHunterHammer.nif
33653742;sc_FurnitureBlock01 [STAT:020183EE];DLC01\SoulCairn\sc_FurnitureBlock01.nif
33654377;DLC1FalmerTotem01SnowLight [STAT:02018669];DLC01\Clutter\DLC1FalmerTotem01.nif
33655608;SERuinsRmPillarChunk02 [STAT:02018B38];DLC01\Architecture\SnowElfRuins\Interior\SERuinsRmPillarChunk02.nif
33655610;SERuinsRmCeiling02 [STAT:02018B3A];DLC01\Architecture\SnowElfRuins\Interior\SERuinsRmCeiling02.nif
33655746;SERuinsFontStatic01 [STAT:02018BC2];DLC01\Architecture\SnowElfRuins\SERuinsFontStatic01.nif
33655903;CasChapArchFree01 [STAT:02018C5F];DLC01\Dungeons\Castle\LgHalls\CasChapArchFree01.nif
33655904;CasChapArchCap01 [STAT:02018C60];DLC01\Dungeons\Castle\LgHalls\CasChapArchCap01.nif
33656242;FalmerPGEBalconyCurve04NoSnow [STAT:02018DB2];DLC01\Dungeons\FalmerPlayground\FalmerPGEBalconyCurve04.nif
33656243;FalmerPGEBalconyCurve02NoSnow [STAT:02018DB3];DLC01\Dungeons\FalmerPlayground\FalmerPGEBalconyCurve02.nif
33656566;doortest [STAT:02018EF6];DLC01\SoulCairn\Test\doortest.nif
33656578;DLC1MAGINVVampireBane [STAT:02018F02];DLC01\Magic\DLC1MAGINVVampireBane.nif
33656587;DIntTowerBase02 [STAT:02018F0B];DLC01\Architecture\Dawnguard\DIntTowerBase02.nif
33656778;DLC1NobleBedDoubleStatic [STAT:02018FCA];Furniture\Noble\NobleBedDouble01.nif
33657045;DweAstrolabe [STAT:020190D5];DLC01\Dungeons\Dwemer\Clutter\DweAstrolabeModel01.nif
33658055;DLC1CasRubblePiece04 [STAT:020194C7];Dungeons\Nordic\Rubble\NorRubblePiece04.nif
33658510;DLC1VCDragonBonesSkull01 [STAT:0201968E];Clutter\DeadAnimals\DragonBonesSkull01.nif
33659050;DLC1IceFlat01 [STAT:020198AA];DLC01\Effects\DLC1IceFlat01.nif
33659052;DLC1IceFlat02 [STAT:020198AC];DLC01\Effects\DLC1IceFlat02.nif
33659066;DLC1AGCollision01 [STAT:020198BA];DLC01\Markers\Collision\DLC1AGCollisionVolume.nif
33659074;SERuinsRmPillarFreeBrokenTop01 [STAT:020198C2];DLC01\Architecture\SnowElfRuins\Interior\SERuinsRmPillarFreeBrokenTop01.nif
33659079;SERuinsTempleFacade02 [STAT:020198C7];DLC01\Architecture\SnowElfRuins\SERuinsTempleFacade02.nif
33659087;SERuinsTempleStaircase01 [STAT:020198CF];DLC01\Architecture\SnowElfRuins\SERuinsTempleStaircase01.nif
33659093;SERuinsTempleIcePool01 [STAT:020198D5];DLC01\Architecture\SnowElfRuins\SERuinsTempleIcePool01.nif
33659169;sc_mausoleumStairs02 [STAT:02019921];DLC01\SoulCairn\sc_mausoleumStairs02.nif
33659454;SERuinsStairsFree01 [STAT:02019A3E];DLC01\Architecture\SnowElfRuins\SERuinsStairsFree01.nif
33659456;SERuinsStairsFree01Snow [STAT:02019A40];DLC01\Architecture\SnowElfRuins\SERuinsStairsFree01.nif
33659458;SERuinsStairsFree02 [STAT:02019A42];DLC01\Architecture\SnowElfRuins\SERuinsStairsFree02.nif
33659459;SERuinsStairsFree02Snow [STAT:02019A43];DLC01\Architecture\SnowElfRuins\SERuinsStairsFree02.nif
33659997;PortalGemStand [STAT:02019C5D];DLC01\Clutter\Animated\PortalGem01\PortalGemStand01.nif
33660049;DLC1IcicleStripCap_INTERIOR [STAT:02019C91];DLC01\Landscape\DLC1IcicleStripCap01.nif
33660050;DLC1IcicleBigSingle01_INTERIOR [STAT:02019C92];DLC01\Landscape\DLC1IcicleSingleCap01.nif
33660051;DLC1IcicleClumpCap_INTERIOR [STAT:02019C93];DLC01\Landscape\DLC1IcicleClumpCap01.nif
33660052;DLC1IcicleClumpCap02_INTERIOR [STAT:02019C94];DLC01\Landscape\DLC1IcicleClumpCap02.nif
33660053;DLC1IcicleClumpCap03_INTERIOR [STAT:02019C95];DLC01\Landscape\DLC1IcicleClumpCap03.nif
33660054;DLC1IcicleColumn01_INTERIOR [STAT:02019C96];DLC01\Landscape\DLC1IcicleColumn01.nif
33660057;IcebergLedge01_LightSNINTERIOR [STAT:02019C99];Landscape\Ice\IcebergLedge01.nif
33660058;GlacierSlab01INTERIORLight [STAT:02019C9A];Landscape\Ice\GlacierSlab01.nif
33660285;ShrineOfMolagBal01 [STAT:02019D7D];DLC01\Dungeons\Castle\Clutter\ShrineOfMolagBal01.nif
33660309;DLC1BthalftBlackPlane01 [STAT:02019D95];Markers\BlackPlane01.nif
33660959;IcePileM02_INTERIOR [STAT:0201A01F];Landscape\Ice\IcePileM02.nif
33660977;IcePileS04_INTERIOR [STAT:0201A031];Landscape\Ice\IcePileS04.nif
33660981;DLC1IceWallColumnBig_INTERIOR [STAT:0201A035];DLC01\Landscape\DLC1IceWallColumnBig.nif
33660996;IcePileL03_INTERIOR [STAT:0201A044];Landscape\Ice\IcePileL03.nif
33661135;IcePileL02_INTERIOR [STAT:0201A0CF];Landscape\Ice\IcePileL02.nif
33663432;DLC1_GlacierEndLgMtnTop [STAT:0201A9C8];DLC01\Landscape\DLC1_GlacierEndLgMtnTop.nif
33663729;DLC1SunPedestal [STAT:0201AAF1];DLC01\Clutter\AurielStatue\SunPedestal.nif
33564823;DLC1_TempleSupportUNIQUE [STAT:02002897];DLC01\Landscape\DLC1_TempleSupportUNIQUE.nif
33567334;DIntTowerDome01 [STAT:02003266];DLC01\Architecture\Dawnguard\DIntTowerDome01.nif
33569043;sc_TargetMote [STAT:02003913];Effects\MoteEffect01.nif
33569317;HighPolyDLC01FalmerBook [STAT:02003A25];Clutter\Books\Book02\Character Assets\DLC01FalmerBook.nif
33570076;CasExtArchSupport01 [STAT:02003D1C];DLC01\Dungeons\Castle\CasVariant\CasExtArchSupport01.nif
33570077;CasExtBldgCorner01 [STAT:02003D1D];DLC01\Dungeons\Castle\CasVariant\CasExtBldgCorner01.nif
33570078;CasExtBldgCorner02 [STAT:02003D1E];DLC01\Dungeons\Castle\CasVariant\CasExtBldgCorner02.nif
33570079;CasExtBldgCorner03 [STAT:02003D1F];DLC01\Dungeons\Castle\CasVariant\CasExtBldgCorner03.nif
33570080;CasExtBldgCorner04 [STAT:02003D20];DLC01\Dungeons\Castle\CasVariant\CasExtBldgCorner04.nif
33570081;CasExtBldgICorner01 [STAT:02003D21];DLC01\Dungeons\Castle\CasVariant\CasExtBldgICorner01.nif
33570082;CasExtBldgICorner02 [STAT:02003D22];DLC01\Dungeons\Castle\CasVariant\CasExtBldgICorner02.nif
33570083;CasExtBldgICorner03 [STAT:02003D23];DLC01\Dungeons\Castle\CasVariant\CasExtBldgICorner03.nif
33570084;CasExtBldgICorner04 [STAT:02003D24];DLC01\Dungeons\Castle\CasVariant\CasExtBldgICorner04.nif
33570085;CasExtBldgMid01 [STAT:02003D25];DLC01\Dungeons\Castle\CasVariant\CasExtBldgMid01.nif
33570086;CasExtBldgMid02 [STAT:02003D26];DLC01\Dungeons\Castle\CasVariant\CasExtBldgMid02.nif
33570087;CasExtBldgMid03 [STAT:02003D27];DLC01\Dungeons\Castle\CasVariant\CasExtBldgMid03.nif
33570088;CasExtBldgSecondCorner01 [STAT:02003D28];DLC01\Dungeons\Castle\CasVariant\CasExtBldgSecondCorner01.nif
33570090;CasExtBldgSecondCorner02 [STAT:02003D2A];DLC01\Dungeons\Castle\CasVariant\CasExtBldgSecondCorner02.nif
33570091;CasExtBldgSecondCorner03 [STAT:02003D2B];DLC01\Dungeons\Castle\CasVariant\CasExtBldgSecondCorner03.nif
33570092;CasExtBldgSecondCorner04 [STAT:02003D2C];DLC01\Dungeons\Castle\CasVariant\CasExtBldgSecondCorner04.nif
33570093;CasExtBldgSecondICorner01 [STAT:02003D2D];DLC01\Dungeons\Castle\CasVariant\CasExtBldgSecondICorner01.nif
33570094;CasExtBldgSecondICorner02 [STAT:02003D2E];DLC01\Dungeons\Castle\CasVariant\CasExtBldgSecondICorner02.nif
33570095;CasExtBldgSecondICorner03 [STAT:02003D2F];DLC01\Dungeons\Castle\CasVariant\CasExtBldgSecondICorner03.nif
33570096;CasExtBldgSecondICorner04 [STAT:02003D30];DLC01\Dungeons\Castle\CasVariant\CasExtBldgSecondICorner04.nif
33570097;CasExtBldgSecondStraight01 [STAT:02003D31];DLC01\Dungeons\Castle\CasVariant\CasExtBldgSecondStraight01.nif
33570098;CasExtBldgSecondStraight02 [STAT:02003D32];DLC01\Dungeons\Castle\CasVariant\CasExtBldgSecondStraight02.nif
33570099;CasExtBldgSecondStraight03 [STAT:02003D33];DLC01\Dungeons\Castle\CasVariant\CasExtBldgSecondStraight03.nif
33570100;CasExtBldgSecondStraight04 [STAT:02003D34];DLC01\Dungeons\Castle\CasVariant\CasExtBldgSecondStraight04.nif
33570101;CasExtBldgStraight01 [STAT:02003D35];DLC01\Dungeons\Castle\CasVariant\CasExtBldgStraight01.nif
33570102;CasExtBldgStraight02 [STAT:02003D36];DLC01\Dungeons\Castle\CasVariant\CasExtBldgStraight02.nif
33570103;CasExtBldgStraight03 [STAT:02003D37];DLC01\Dungeons\Castle\CasVariant\CasExtBldgStraight03.nif
33570104;CasExtBldgStraight04 [STAT:02003D38];DLC01\Dungeons\Castle\CasVariant\CasExtBldgStraight04.nif
33570105;CasExtBlocks01 [STAT:02003D39];DLC01\Dungeons\Castle\CasVariant\CasExtBlocks01.nif
33570106;CasExtBlocks02 [STAT:02003D3A];DLC01\Dungeons\Castle\CasVariant\CasExtBlocks02.nif
33570107;CasExtBlocks03 [STAT:02003D3B];DLC01\Dungeons\Castle\CasVariant\CasExtBlocks03.nif
33570108;CasExtBlocks04 [STAT:02003D3C];DLC01\Dungeons\Castle\CasVariant\CasExtBlocks04.nif
33570109;CasExtBlocks05 [STAT:02003D3D];DLC01\Dungeons\Castle\CasVariant\CasExtBlocks05.nif
33570110;CasExtBlocks06 [STAT:02003D3E];DLC01\Dungeons\Castle\CasVariant\CasExtBlocks06.nif
33570111;CasExtBridge01 [STAT:02003D3F];DLC01\Dungeons\Castle\CasVariant\CasExtBridge01.nif
33570112;CasExtDoorhole01 [STAT:02003D40];DLC01\Dungeons\Castle\CasVariant\CasExtDoorhole01.nif
33570113;CasExtFloorChunk01 [STAT:02003D41];DLC01\Dungeons\Castle\CasVariant\CasExtFloorChunk01.nif
33570114;CasExtFloorChunk02 [STAT:02003D42];DLC01\Dungeons\Castle\CasVariant\CasExtFloorChunk02.nif
33570115;CasExtRubble01 [STAT:02003D43];DLC01\Dungeons\Castle\CasVariant\CasExtRubble01.nif
33570116;CasExtRubble02 [STAT:02003D44];DLC01\Dungeons\Castle\CasVariant\CasExtRubble02.nif
33570117;CasExtRubble03 [STAT:02003D45];DLC01\Dungeons\Castle\CasVariant\CasExtRubble03.nif
33570118;CasExtRubble04 [STAT:02003D46];DLC01\Dungeons\Castle\CasVariant\CasExtRubble04.nif
33570119;CasExtRubble05 [STAT:02003D47];DLC01\Dungeons\Castle\CasVariant\CasExtRubble05.nif
33570120;CasExtRubble06 [STAT:02003D48];DLC01\Dungeons\Castle\CasVariant\CasExtRubble06.nif
33570121;CasExtStairs01 [STAT:02003D49];DLC01\Dungeons\Castle\CasVariant\CasExtStairs01.nif
33570123;CasExtStairs02 [STAT:02003D4B];DLC01\Dungeons\Castle\CasVariant\CasExtStairs02.nif
33570124;CasExtStairs03 [STAT:02003D4C];DLC01\Dungeons\Castle\CasVariant\CasExtStairs03.nif
33570125;CasExtSupport01 [STAT:02003D4D];DLC01\Dungeons\Castle\CasVariant\CasExtSupport01.nif
33570126;CasExtTower01 [STAT:02003D4E];DLC01\Dungeons\Castle\CasVariant\CasExtTower01.nif
33570127;CasExtTower01Dark [STAT:02003D4F];DLC01\Dungeons\Castle\CasVariant\CasExtTower01Dark.nif
33570128;CasExtTower02 [STAT:02003D50];DLC01\Dungeons\Castle\CasVariant\CasExtTower02.nif
33570129;CasExtTower03 [STAT:02003D51];DLC01\Dungeons\Castle\CasVariant\CasExtTower03.nif
33570130;CasExtTowerShellBase01 [STAT:02003D52];DLC01\Dungeons\Castle\CasVariant\CasExtTowerShellBase01.nif
33570131;CasExtTowerShellDoor01 [STAT:02003D53];DLC01\Dungeons\Castle\CasVariant\CasExtTowerShellDoor01.nif
33570132;CasExtTowerShellDoor02 [STAT:02003D54];DLC01\Dungeons\Castle\CasVariant\CasExtTowerShellDoor02.nif
33570133;CasExtTowerShellDoor03 [STAT:02003D55];DLC01\Dungeons\Castle\CasVariant\CasExtTowerShellDoor03.nif
33570134;CasExtTowerShellDoor04 [STAT:02003D56];DLC01\Dungeons\Castle\CasVariant\CasExtTowerShellDoor04.nif
33570135;CasExtTowerShellFloor2nd01 [STAT:02003D57];DLC01\Dungeons\Castle\CasVariant\CasExtTowerShellFloor2nd01.nif
33570136;CasExtTowerShellStairs01 [STAT:02003D58];DLC01\Dungeons\Castle\CasVariant\CasExtTowerShellStairs01.nif
33570137;CasExtTowerShellTop01 [STAT:02003D59];DLC01\Dungeons\Castle\CasVariant\CasExtTowerShellTop01.nif
33570138;CasExtTowerShellWall01 [STAT:02003D5A];DLC01\Dungeons\Castle\CasVariant\CasExtTowerShellWall01.nif
33570139;CasExtTowerShellWall02 [STAT:02003D5B];DLC01\Dungeons\Castle\CasVariant\CasExtTowerShellWall02.nif
33570140;CasExtTowerShellWall03 [STAT:02003D5C];DLC01\Dungeons\Castle\CasVariant\CasExtTowerShellWall03.nif
33570141;CasExtTowerShellWall04 [STAT:02003D5D];DLC01\Dungeons\Castle\CasVariant\CasExtTowerShellWall04.nif
33570142;CasExtTowerShort01 [STAT:02003D5E];DLC01\Dungeons\Castle\CasVariant\CasExtTowerShort01.nif
33570143;CasExtWall01 [STAT:02003D5F];DLC01\Dungeons\Castle\CasVariant\CasExtWall01.nif
33570144;CasExtWall02 [STAT:02003D60];DLC01\Dungeons\Castle\CasVariant\CasExtWall02.nif
33570145;CasExtWall03 [STAT:02003D61];DLC01\Dungeons\Castle\CasVariant\CasExtWall03.nif
33570146;CasExtWall04 [STAT:02003D62];DLC01\Dungeons\Castle\CasVariant\CasExtWall04.nif
33570147;CasExtWall05 [STAT:02003D63];DLC01\Dungeons\Castle\CasVariant\CasExtWall05.nif
33570148;CasExtWallDivider01 [STAT:02003D64];DLC01\Dungeons\Castle\CasVariant\CasExtWallDivider01.nif
33570149;CasExtWallGate01 [STAT:02003D65];DLC01\Dungeons\Castle\CasVariant\CasExtWallGate01.nif
33570150;CasExtWindow01 [STAT:02003D66];DLC01\Dungeons\Castle\CasVariant\CasExtWindow01.nif
33570151;CasExtWindow01Dark [STAT:02003D67];DLC01\Dungeons\Castle\CasVariant\CasExtWindow01Dark.nif
33570635;DLC1AncestorMothStaticCloud [STAT:02003F4B];DLC01\Critters\AncestorMothStaticCloud.nif
33570678;CasCoffinPuzzleBase01 [STAT:02003F76];DLC01\Dungeons\Castle\Animated\CasCoffinPuzzle\CasCoffinPuzzleBase01.nif
33571099;CasStoneBarrierBase01 [STAT:0200411B];DLC01\Dungeons\Castle\Animated\StoneBarrierSocket\CasStoneBarrierBase01.nif
33571296;sc_mausoleumcolumn01_Gray [STAT:020041E0];DLC01\SoulCairn\sc_mausoleumcolumn01.nif
33571297;sc_mausoleumcolumn02_Gray [STAT:020041E1];DLC01\SoulCairn\sc_mausoleumcolumn02.nif
33571298;sc_mausoleumCornerL_Gray [STAT:020041E2];DLC01\SoulCairn\sc_mausoleumCornerL.nif
33571299;sc_mausoleumCornerR_Gray [STAT:020041E3];DLC01\SoulCairn\sc_mausoleumCornerR.nif
33571300;sc_mausoleumDoorway01_Gray [STAT:020041E4];DLC01\SoulCairn\sc_mausoleumDoorway01.nif
33571301;sc_mausoleumEND_Gray [STAT:020041E5];DLC01\SoulCairn\sc_mausoleumEND.nif
33571302;sc_mausoleumEND02_Gray [STAT:020041E6];DLC01\SoulCairn\sc_mausoleumEND02.nif
33571303;sc_mausoleumEND03_Gray [STAT:020041E7];DLC01\SoulCairn\sc_mausoleumEND03.nif
33571304;sc_mausoleumPlatform01_Gray [STAT:020041E8];DLC01\SoulCairn\sc_mausoleumPlatform01.nif
33571305;sc_mausoleumplatformarch01_Gray [STAT:020041E9];DLC01\SoulCairn\sc_mausoleumplatformarch01.nif
33571306;sc_mausoleumplatformarch02_Gray [STAT:020041EA];DLC01\SoulCairn\sc_mausoleumplatformarch02.nif
33571307;sc_mausoleumplatformarch03_Gray [STAT:020041EB];DLC01\SoulCairn\sc_mausoleumplatformarch03.nif
33571308;sc_mausoleumplatformarch04_Gray [STAT:020041EC];DLC01\SoulCairn\sc_mausoleumplatformarch04.nif
33571309;sc_mausoleumplatformcap01_Gray [STAT:020041ED];DLC01\SoulCairn\sc_mausoleumplatformcap01.nif
33571310;sc_mausoleumplatformcapCL_Gray [STAT:020041EE];DLC01\SoulCairn\sc_mausoleumplatformcapCL.nif
33571311;sc_mausoleumplatformcapCR_Gray [STAT:020041EF];DLC01\SoulCairn\sc_mausoleumplatformcapCR.nif
33571312;sc_mausoleumStairs01_Gray [STAT:020041F0];DLC01\SoulCairn\sc_mausoleumStairs01.nif
33571313;sc_mausoleumStairs02_Gray [STAT:020041F1];DLC01\SoulCairn\sc_mausoleumStairs02.nif
33571314;sc_mausoleumTowerCap01_Gray [STAT:020041F2];DLC01\SoulCairn\sc_mausoleumTowerCap01.nif
33571315;sc_mausoleumWall01_Gray [STAT:020041F3];DLC01\SoulCairn\sc_mausoleumWall01.nif
33571316;sc_mausoleumWall02_Gray [STAT:020041F4];DLC01\SoulCairn\sc_mausoleumWall02.nif
33571317;sc_mausoleumWall03_Gray [STAT:020041F5];DLC01\SoulCairn\sc_mausoleumWall03.nif
33571318;sc_mausoleumWall04_Gray [STAT:020041F6];DLC01\SoulCairn\sc_mausoleumWall04.nif
33571319;sc_stonepile01_Gray [STAT:020041F7];DLC01\SoulCairn\sc_stonepile01.nif
33571320;sc_stonepile02_Gray [STAT:020041F8];DLC01\SoulCairn\sc_stonepile02.nif
33571321;sc_stonepile03_Gray [STAT:020041F9];DLC01\SoulCairn\sc_stonepile03.nif
33571322;sc_stonepile04_Gray [STAT:020041FA];DLC01\SoulCairn\sc_stonepile04.nif
33571323;sc_stonepile05_Gray [STAT:020041FB];DLC01\SoulCairn\sc_stonepile05.nif
33571324;sc_mausoleumCopen [STAT:020041FC];DLC01\SoulCairn\sc_mausoleumCopen.nif
33571325;sc_mausoleumPlatform01open [STAT:020041FD];DLC01\SoulCairn\sc_mausoleumPlatform01open.nif
33571725;CasExtTowerShellStairs01_Snow [STAT:0200438D];DLC01\Dungeons\Castle\CasVariant\CasExtTowerShellStairs01.nif
33571739;CasExtTowerShellWall03_Snow [STAT:0200439B];DLC01\Dungeons\Castle\CasVariant\CasExtTowerShellWall03.nif
33574953;FalmerCityHutDoorWindRags01 [STAT:02005029];DLC01\Architecture\FalmerHuts\FalmerCityHutDoorWindRags01.nif
33574954;FalmerCityHutWindRagSingle [STAT:0200502A];DLC01\Architecture\FalmerHuts\FalmerCityHutWindRagSingle.nif
33574955;FalmerCityRingWindRags [STAT:0200502B];DLC01\Architecture\FalmerHuts\FalmerCityRingWindRags.nif
33574997;LoadScreenCrossbow01 [STAT:02005055];DLC01\LoadScreenArt\LoadScreenCrossbow01.nif
33574998;LoadScreenDBWeapons01 [STAT:02005056];DLC01\LoadScreenArt\LoadScreenDBWeapons01.nif
33574999;LoadScreenVampireLord01 [STAT:02005057];DLC01\LoadScreenArt\LoadScreenVampireLord01.nif
33575000;LoadScreenGargoyle01 [STAT:02005058];DLC01\LoadScreenArt\LoadScreenGargoyle01.nif
33575001;LoadScreenCharHunter01 [STAT:02005059];DLC01\LoadScreenArt\LoadScreenCharHunter01.nif
33575002;LoadScreenDeathHound01 [STAT:0200505A];DLC01\LoadScreenArt\LoadScreenDeathHound01.nif
33575003;LoadScreenLegDragon01 [STAT:0200505B];DLC01\LoadScreenArt\LoadScreenLegDragon01.nif
33575004;sc_alter [STAT:0200505C];DLC01\SoulCairn\sc_alter.nif
33575966;DLC1_GlacierCaveEntrance02_INTERIOR [STAT:0200541E];Landscape\Ice\GlacierCaveEntrance02.nif
33580774;DLC01SoulGemReaperFragment02 [STAT:020066E6];Clutter\SoulGem\SoulGemPiece02.nif
33580775;DLC01SoulGemReaperFragment03 [STAT:020066E7];Clutter\SoulGem\SoulGemPiece03.nif
33580776;DLC01SoulGemReaperFragment01 [STAT:020066E8];Clutter\SoulGem\SoulGemPiece01.nif
33580931;INTVampirePerkSkydome [STAT:02006783];DLC01\Interface\INTVampirePerkSkydome.nif
33581006;1stPersonVampireSword [STAT:020067CE];DLC01\Weapons\Vampire\1stpersonSword.nif
33581145;SERuinsRubbles02SnowInterior [STAT:02006859];DLC01\Architecture\SnowElfRuins\SERuinsRubbles02.nif
33581146;SERuinsArchRubbles03SnowInterior [STAT:0200685A];DLC01\Architecture\SnowElfRuins\SERuinsArchRubbles03.nif
33581147;SERuinsRubblePile01SnowInterior [STAT:0200685B];DLC01\Architecture\SnowElfRuins\SERuinsRubblePile01.nif
33581166;LoadScreenVampire [STAT:0200686E];DLC01\LoadScreenArt\LoadScreenVampire.nif
33581168;LoadScreenArmoredTroll01 [STAT:02006870];DLC01\LoadScreenArt\LoadScreenArmoredTroll01.nif
33605718;SERuinsBridge01 [STAT:0200C856];DLC01\Architecture\SnowElfRuins\SERuinsBridge01.nif
775845;DA13VineCeiling01NoCol [STAT:000BD6A5];Clutter\Quest\DA13VineCeiling01NoCol.nif
33607006;SETable01 [STAT:0200CD5E];DLC01\Furniture\SnowElf\SETable01.nif
33607007;SETable02 [STAT:0200CD5F];DLC01\Furniture\SnowElf\SETable02.nif
33607437;DExtFloor01 [STAT:0200CF0D];DLC01\Architecture\Dawnguard\DExtFloor01.nif
33609235;FXAmbBeamWetMistLong01 [STAT:0200D613];DLC01\Effects\FXAmbBeamWetMistLong01.nif
33609363;DIntDoorCap01 [STAT:0200D693];DLC01\Architecture\Dawnguard\DIntDoorCap01.nif
33610770;DIntTowerStairs02 [STAT:0200DC12];DLC01\Architecture\Dawnguard\DIntTowerStairs02.nif
33610775;DLC01FrozenLakeBreakCap02 [STAT:0200DC17];DLC01\Landscape\DLC01FrozenLakeBreakCap02.nif
33610776;DLC01FrozenLakeBreak02 [STAT:0200DC18];DLC01\Landscape\DLC01FrozenLakeBreak02.nif
33610777;DLC1LavaShimmer01 [STAT:0200DC19];DLC01\Effects\LavaShimmer01.nif
33616727;DTowerDoorway01 [STAT:0200F357];DLC01\Architecture\Dawnguard\DTowerDoorway01.nif
33616847;SERuinsFloorRaised01 [STAT:0200F3CF];DLC01\Architecture\SnowElfRuins\Interior\SERuinsFloorRaised01.nif
33616853;SERuinsFloorRaised02 [STAT:0200F3D5];DLC01\Architecture\SnowElfRuins\Interior\SERuinsFloorRaised02.nif
33616865;SERuinsFloorRaised03 [STAT:0200F3E1];DLC01\Architecture\SnowElfRuins\Interior\SERuinsFloorRaised03.nif
33616870;SERuinsFloorRaised03A [STAT:0200F3E6];DLC01\Architecture\SnowElfRuins\Interior\SERuinsFloorRaised03A.nif
33616872;SERuinsFloorRaised02A [STAT:0200F3E8];DLC01\Architecture\SnowElfRuins\Interior\SERuinsFloorRaised02A.nif
33616875;SERuinsFloorRaised01A [STAT:0200F3EB];DLC01\Architecture\SnowElfRuins\Interior\SERuinsFloorRaised01A.nif
33616879;SERuinsRmCeilingSkylight01 [STAT:0200F3EF];DLC01\Architecture\SnowElfRuins\Interior\SERuinsRmCeilingSkylight01.nif
33619146;SERuinsArchwayFree02 [STAT:0200FCCA];DLC01\Architecture\SnowElfRuins\SERuinsArchwayFree02.nif
33619147;SERuinsArchwayFree02SnowLight [STAT:0200FCCB];DLC01\Architecture\SnowElfRuins\SERuinsArchwayFree02.nif
33622046;DLC1FVWordRock [STAT:0201081E];DLC01\Effects\FVIceLakeWordRock.nif
33623164;SEBenchStatic [STAT:02010C7C];DLC01\Furniture\SnowElf\SEBench01.nif
33626520;HarkonTeleportMarker [STAT:02011998];MarkerXHeading.nif
33627073;sc_gravestonegrouplarge01 [STAT:02011BC1];DLC01\SoulCairn\L1_sc_gravestonegrouplarge01.nif
33627074;sc_gravestonegrouplarge02 [STAT:02011BC2];DLC01\SoulCairn\L1_sc_gravestonegrouplarge02.nif
33627075;sc_gravestonegroupmedium02 [STAT:02011BC3];DLC01\SoulCairn\L1_sc_gravestonegroupmedium02.nif
33627076;sc_gravestonegroupmedium05 [STAT:02011BC4];DLC01\SoulCairn\L1_sc_gravestonegroupmedium05.nif
33627077;sc_gravestonegroupsmall01 [STAT:02011BC5];DLC01\SoulCairn\L1_sc_gravestonegroupsmall01.nif
33627078;sc_gravestonegroupsmall02 [STAT:02011BC6];DLC01\SoulCairn\L1_sc_gravestonegroupsmall02.nif
33627079;sc_gravestonegroupsmall03 [STAT:02011BC7];DLC01\SoulCairn\L1_sc_gravestonegroupsmall03.nif
33627080;sc_gravestonegroupsmall04 [STAT:02011BC8];DLC01\SoulCairn\L1_sc_gravestonegroupsmall04.nif
33627081;sc_gravestonegroupsmall06 [STAT:02011BC9];DLC01\SoulCairn\L1_sc_gravestonegroupsmall06.nif
33627082;sc_gravestonegroupmedium01 [STAT:02011BCA];DLC01\SoulCairn\L1_sc_gravestonegroupmedium01.nif
33627083;sc_gravestonegroupmedium03 [STAT:02011BCB];DLC01\SoulCairn\L1_sc_gravestonegroupmedium03.nif
33627084;sc_gravestonegroupmedium04 [STAT:02011BCC];DLC01\SoulCairn\L1_sc_gravestonegroupmedium04.nif
33627085;sc_gravestonegroupsmall05 [STAT:02011BCD];DLC01\SoulCairn\L1_sc_gravestonegroupsmall05.nif
33627681;HighPolyDLC01DwemerBook01 [STAT:02011E21];Clutter\Books\Book02\Character Assets\DLC01DwemerBook_HighPoly.nif
33628061;sc_ArvakSkullUNIQUEstatic [STAT:02011F9D];DLC01\SoulCairn\sc_SkeletonHorseHead.nif
33628905;DLC1FalmerBasket01 [STAT:020122E9];DLC01\Clutter\DLC1FalmerBasket01.nif
33628906;DLC1FalmerBasket02 [STAT:020122EA];DLC01\Clutter\DLC1FalmerBasket02.nif
33629165;CasGargoyleStatue01_Snow [STAT:020123ED];DLC01\Dungeons\Castle\Clutter\CasGargoyleStatue01.nif
33629168;CasPlatFree02_LightSnow [STAT:020123F0];DLC01\Dungeons\Castle\Platforms\CasPlatFree02.nif
33629170;CasFloorRaised01_LightSnow [STAT:020123F2];DLC01\Dungeons\Castle\Rubble\CasFloorRaised01.nif
33630447;SERuinsRubblePile02SnowExt [STAT:020128EF];DLC01\Architecture\SnowElfRuins\SERuinsRubblePile02.nif
33630448;SERuinsRubblePile03SnowExt [STAT:020128F0];DLC01\Architecture\SnowElfRuins\SERuinsRubblePile03.nif
33631679;SERuinsChandelier01 [STAT:02012DBF];DLC01\Architecture\SnowElfRuins\SERuinsChandelier01.nif
33631884;DLC1IcicleBigSingle01_NoSN [STAT:02012E8C];DLC01\Landscape\DLC1IcicleSingleCap01.nif
33631885;DLC1IcicleStripCap_NoSN [STAT:02012E8D];DLC01\Landscape\DLC1IcicleStripCap01.nif
33631887;IcePileS04_NoSN [STAT:02012E8F];Landscape\Ice\IcePileS04.nif
33631888;IcePileM02_NoSN [STAT:02012E90];Landscape\Ice\IcePileM02.nif
33631889;IcePileL02_NoSN [STAT:02012E91];Landscape\Ice\IcePileL02.nif
33631890;IcePileL01Snow01_NoSN [STAT:02012E92];Landscape\Ice\IcePileL01.nif
33631895;DLC1IceWallBig01_NoSN [STAT:02012E97];DLC01\Landscape\DLC1IceWallBig01.nif
33632203;SERuinsWaygatePlatform01SnowLightINTERIOR [STAT:02012FCB];DLC01\Architecture\SnowElfRuins\SERuinsWaygatePlatform01.nif
33632205;SERuinsColumnRubbles01SnowINTERIOR [STAT:02012FCD];DLC01\Architecture\SnowElfRuins\SERuinsColumnRubbles01.nif
33632208;SERuinsColumnRubbles02SnowINTERIOR [STAT:02012FD0];DLC01\Architecture\SnowElfRuins\SERuinsColumnRubbles02.nif
33634279;DLC1IcebergSmall02_1Layer [STAT:020137E7];DLC01\Landscape\Icebergs\DLC1IcebergSmall02_1Layer.nif
33634280;DLC1GlacierEndLg01_1Layer [STAT:020137E8];DLC01\Landscape\Icebergs\DLC1GlacierEndLg01_1Layer.nif
33634281;DLC1GlacierPillarLg01_1Layer [STAT:020137E9];DLC01\Landscape\Icebergs\DLC1GlacierPillarLg01_1Layer.nif
33634282;DLC1GlacierSlab01_1LayerSN1P [STAT:020137EA];DLC01\Landscape\Icebergs\DLC1GlacierSlab01_1Layer.nif
33634283;DLC1GlacierStraightLg01_1Layer [STAT:020137EB];DLC01\Landscape\Icebergs\DLC1GlacierStraightLg01_1Layer.nif
33634284;DLC1IcebergLarge_1LayerSN1P [STAT:020137EC];DLC01\Landscape\Icebergs\DLC1IcebergLarge_1Layer.nif
33634285;DLC1IcebergLedge01_1Layer [STAT:020137ED];DLC01\Landscape\Icebergs\DLC1IcebergLedge01_1Layer.nif
33634286;DLC1IcebergSmall01_1Layer [STAT:020137EE];DLC01\Landscape\Icebergs\DLC1IcebergSmall01_1Layer.nif
33634327;DLC1IcebergSmall01_1LayerNOSN [STAT:02013817];DLC01\Landscape\Icebergs\DLC1IcebergSmall01_1Layer.nif
33634328;DLC1IcebergLarge_1LayerNOSN [STAT:02013818];DLC01\Landscape\Icebergs\DLC1IcebergLarge_1Layer.nif
33634329;DLC1IcebergSmall02_1LayerNOSN [STAT:02013819];DLC01\Landscape\Icebergs\DLC1IcebergSmall02_1Layer.nif
33634330;DLC1GlacierStraightLg01_1LayerSN1P [STAT:0201381A];DLC01\Landscape\Icebergs\DLC1GlacierStraightLg01_1Layer.nif
33634331;DLC1IcebergSmall01_1LayerSN1P [STAT:0201381B];DLC01\Landscape\Icebergs\DLC1IcebergSmall01_1Layer.nif
33634354;DLC1IceFloesSolid01INT_HeavySN [STAT:02013832];Landscape\Ice\IceFloesSolid01.nif
33635801;CasExFreeSm01_Snow [STAT:02013DD9];DLC01\Dungeons\Castle\LgHalls\CasExFreeSm01.nif
33635804;CasExFreeSmDoorSTATIC [STAT:02013DDC];DLC01\Dungeons\Castle\LgHalls\CasExFreeSmDoor01.nif
